587679.585008524,4141253.23777887
587679.6198862933,4141253.3740990367
587679.6373798479,4141253.4421840147
587679.6548966483,4141253.5103162387
587679.6724120094,4141253.5784334512
587679.7073295057,4141253.714584417
587679.7248657183,4141253.782707061
587679.7424107965,4141253.8507675463
587679.7599680551,4141253.918874975
587679.7949322755,4141254.055011016
587679.8124742642,4141254.123145091
587679.8300118016,4141254.1912102746
587679.8475539826,4141254.25929833
587679.8824880706,4141254.395498284
587679.8999838417,4141254.463637232
587679.9174699978,4141254.531756121
587679.93489936,4141254.599925951
587679.9697274757,4141254.7361899223
587679.9871792183,4141254.804371196
587680.0046342307,4141254.872499078
587680.0221198616,4141254.940697792
587680.057011209,4141255.0769846956
587680.074467324,4141255.145185408
587680.0918838078,4141255.213259998
587680.1093073966,4141255.2814187775
587680.140214554,4141255.4195069876
587680.1562163492,4141255.4880597275
587680.1722169319,4141255.556558942
587680.1886493784,4141255.6259027235
587680.2218015918,4141255.7626428735
587680.2378659302,4141255.8311384884
587680.253920336,4141255.899606993
587680.2699736367,4141255.9680679124
587680.3030983272,4141256.104827893
587680.3191396274,4141256.1733453055
587680.3351841834,4141256.2418850204
587680.3683565212,4141256.37873453
587680.3844716618,4141256.447317308
587680.4005827695,4141256.5158590735
587680.4166980177,4141256.5844026166
587680.4328049838,4141256.6529171388
587680.4660885166,4141256.7897757106
587680.4822259893,4141256.858285065
587680.4983676072,4141256.926837313
587680.51449698,4141256.9954098123
587680.5485594872,4141257.1332961773
587680.5647646248,4141257.201899425
587680.5809651979,4141257.2705159266
587680.5971440846,4141257.339095536
587680.6304356987,4141257.4760597274
587680.6465879938,4141257.544635448
587680.6627487678,4141257.6131986943
587680.678928378,4141257.6818130356
587680.7122522732,4141257.818702854
587680.7284454912,4141257.887276266
587680.7446608506,4141257.9558933345
587680.7608809964,4141258.024468081
587680.7943451036,4141258.1614434537
587680.810604314,4141258.23002196
587680.8268791612,4141258.298623664
587680.8431611639,4141258.3672061632
587680.8767529847,4141258.504180093
587680.8930898687,4141258.5727823116
587680.9094279337,4141258.641379487
587680.9257741049,4141258.7100067213
587680.9594456535,4141258.8470674152
587680.9757939359,4141258.9156970116
587680.9921528469,4141258.9843585948
587681.0085167764,4141259.0529955993
587681.0422494794,4141259.190050825
587681.0586546314,4141259.258700985
587681.075090843,4141259.3273752546
587681.1089547349,4141259.4643651894
587681.126327193,4141259.5341856917
587681.1429367688,4141259.6028208504
587681.1606506475,4141259.671182489
587681.1783822797,4141259.7395932437
587681.2136453115,4141259.876364789
587681.2313707063,4141259.944780349
587681.2491095958,4141260.0132009177
587681.2668519507,4141260.081608216
587681.3021637341,4141260.2184686987
587681.3199032636,4141260.2869154676
587681.3376409125,4141260.3553630947
587681.3729611308,4141260.4922960736
587681.3907291224,4141260.5608001864
587681.4084842224,4141260.629247418
587681.4262446606,4141260.697706069
587681.4440222365,4141260.7662173905
587681.4794211903,4141260.903264407
587681.4979551763,4141260.973012387
587681.5158752288,4141261.0415953454
587681.5337884222,4141261.110122965
587681.5694198626,4141261.2472374276
587681.5873771798,4141261.3157247514
587681.6052909569,4141261.3843175666
587681.6409623169,4141261.521408071
587681.6589150399,4141261.589987233
587681.6768684206,4141261.658552636
587681.6948175026,4141261.727100829
587681.7127776435,4141261.7957082028
587681.7484988738,4141261.9328730553
587681.7664631639,4141262.0015134355
587681.7844256258,4141262.070121613
587681.8024024654,4141262.1387570607
587681.838174254,4141262.275957425
587681.8561705443,4141262.3446285343
587681.8741655117,4141262.413253396
587681.8921791173,4141262.481931069
587681.9280168426,4141262.6192426146
587681.9460246407,4141262.687932603
587681.9640231557,4141262.7566093244
587681.9831846961,4141262.8265959457
587682.0192116607,4141262.9640341424
587682.0373799038,4141263.032806664
587682.0555421873,4141263.1015816056
587682.073692495,4141263.1703016493
587682.1097707737,4141263.3077818784
587682.1279625506,4141263.3764596498
587682.1461765293,4141263.44524456
587682.1643791841,4141263.514002333
587682.200464422,4141263.651467197
587682.2186306007,4141263.72021749
587682.2367083889,4141263.7890077657
587682.2531417683,4141263.8591262274
587682.2882958618,4141263.99692889
587682.3057436189,4141264.0659553097
587682.3231986222,4141264.1350018843
587682.3406505234,4141264.204051115
587682.3758079945,4141264.341889325
587682.3932477427,4141264.410959614
587682.4106759066,4141264.479997328
587682.4281063892,4141264.5490807258
587682.4632096369,4141264.687026094
587682.4806125588,4141264.7561521805
587682.4979890133,4141264.82524697
587682.5159329529,4141264.8953919928
587682.5510289648,4141265.0334135997
587682.5684604136,4141265.1024896773
587682.5859087207,4141265.1715849983
587682.6032769128,4141265.2406395464
587682.6383741703,4141265.3786046873
587682.6557410059,4141265.4476208556
587682.6731127405,4141265.5166937015
587682.7081521705,4141265.654674423
587682.7254945039,4141265.7238125117
587682.7428048262,4141265.792877895
587682.7601131544,4141265.8619857803
587682.7950408083,4141266.0000618557
587682.8123168768,4141266.069188981
587682.8295951664,4141266.1383631807
587682.8468678205,4141266.2075156006
587682.8641440824,4141266.276673098
587682.8990676049,4141266.414876891
587682.9163591316,4141266.484036133
587682.9336629501,4141266.5532257226
587682.9509724216,4141266.6224171435
587682.9859209537,4141266.760620257
587683.003234195,4141266.8298377274
587683.0205388643,4141266.8990164977
587683.0386555583,4141266.969128404
587683.0737672367,4141267.1073970683
587683.0910804953,4141267.176574398
587683.1083876996,4141267.245726289
587683.1256954292,4141267.314919672
587683.160606659,4141267.4531576503
587683.1778684197,4141267.522347501
587683.1951176524,4141267.591516356
587683.2123792893,4141267.6607678737
587683.2472183972,4141267.799079158
587683.2644586926,4141267.8683091225
587683.2816864627,4141267.9375067092
587683.3165291904,4141268.075899974
587683.3337772507,4141268.145142447
587683.3515008929,4141268.214192274
587683.369248909,4141268.2833248917
587683.3869989556,4141268.352432703
587683.4223827742,4141268.4906929904
587683.4401539488,4141268.5598609014
587683.4579114796,4141268.6290060002
587683.4756625307,4141268.698138714
587683.5118710375,4141268.8375660237
587683.5297315659,4141268.906756413
587683.5476007732,4141268.975951067
587683.565470755,4141269.0451144106
587683.6010654339,4141269.1835818356
587683.6189606059,4141269.252807465
587683.6368667338,4141269.3220324144
587683.6547801793,4141269.3912285096
587683.6904443052,4141269.5296541383
587683.7083744333,4141269.5988850608
587683.7262992996,4141269.6681179972
587683.7442114634,4141269.737353409
587683.7798204983,4141269.8758616163
587683.7977130584,4141269.9451546194
587683.8155883203,4141270.014411494
587683.833463086,4141270.0837058853
587683.8690157179,4141270.222336658
587683.8868750867,4141270.29165587
587683.9047360255,4141270.3609979353
587683.9234438895,4141270.4315902814
587683.9591387965,4141270.5703414585
587683.9771151579,4141270.639690154
587683.9951029355,4141270.7090710653
587684.013103467,4141270.778495977
587684.0488042257,4141270.9172583134
587684.0667979826,4141270.9866778627
587684.0847927656,4141271.056068737
587684.120542863,4141271.1948815356
587684.138555692,4141271.264249917
587684.1564927241,4141271.3336952995
587684.1744191945,4141271.40308856
587684.1923596979,4141271.4725646265
587684.2280441441,4141271.611403024
587684.2459800091,4141271.6808802206
587684.2639294867,4141271.7503857217
587684.2818675946,4141271.8198032915
587684.3176524043,4141271.9587619375
587684.3356500154,4141272.0282638543
587684.353651003,4141272.097755801
587684.3716704078,4141272.167284067
587684.4075426864,4141272.3062926815
587684.4255656591,4141272.375835797
587684.4435844596,4141272.445353722
587684.4613575381,4141272.516151934
587684.4972019615,4141272.6554155676
587684.5166914188,4141272.7270806422
587684.534665216,4141272.796778264
587684.5526388318,4141272.8665288994
587684.5883911939,4141273.005876598
587684.6063272166,4141273.0756165497
587684.6241808992,4141273.145386051
587684.6598358417,4141273.2848072485
587684.6776937656,4141273.3545311387
587684.6955603802,4141273.4243138935
587684.7134367882,4141273.4941362846
587684.7312932954,4141273.56386375
587684.7669773655,4141273.7033052947
587684.7848555987,4141273.7731214506
587684.8027150288,4141273.8429508167
587684.8205582522,4141273.9127541543
587684.8566187661,4141274.0533359516
587684.8745208818,4141274.1231553336
587684.8924295845,4141274.193037253
587684.9280871263,4141274.3326201555
587684.9459617017,4141274.402523325
587684.9638233408,4141274.4724164936
587684.9816699986,4141274.542288767
587684.999520912,4141274.6121981423
587685.0351495814,4141274.751879692
587685.0529503154,4141274.821765328
587685.0707477523,4141274.891619452
587685.0885675383,4141274.961547628
587685.1241791729,4141275.1011758307
587685.1420085479,4141275.171063177
587685.1598321447,4141275.2409555945
587685.1776322755,4141275.3108017687
587685.2132538633,4141275.450561303
587685.2310736476,4141275.520487239
587685.2489009199,4141275.5904480526
587685.2667304205,4141275.6604121723
587685.30238553,4141275.8002556837
587685.3202183186,4141275.870183255
587685.338062191,4141275.9401751077
587685.3558946004,4141276.0101477103
587685.3915409548,4141276.1500386605
587685.4093726336,4141276.2200404042
587685.4272008303,4141276.2900372455
587685.4450359088,4141276.360070277
587685.4811034346,4141276.5014720457
587685.4989814588,4141276.5715106674
587685.5168556588,4141276.6415700903
587685.5525441167,4141276.7815902443
587685.5704143217,4141276.8516508653
587685.5883034552,4141276.9216241688
587685.606180643,4141276.991575692
587685.624053524,4141277.0615900867
587685.6596687646,4141277.201553288
587685.6775073045,4141277.271567481
587685.6953355863,4141277.3415600345
587685.7131581897,4141277.4115782036
587685.7486988454,4141277.551598141
587685.7665085108,4141277.6216766983
587685.7842990102,4141277.6917003323
587685.8198102219,4141277.831766287
587685.8375981754,4141277.9018199495
587685.855372013,4141277.971842147
587685.8731667623,4141278.0419519353
587685.8909679789,4141278.1120583024
587685.9264562388,4141278.2521916106
587685.9442228755,4141278.3222800107
587685.9619343528,4141278.3923182623
587685.9796671828,4141278.462449076
587686.0150416608,4141278.6025630217
587686.0336580512,4141278.674350617
587686.0514779559,4141278.744523219
587686.0870227544,4141278.8847782263
587686.1048694937,4141278.95494897
587686.1227106662,4141279.0250916304
587686.1405559306,4141279.09525716
587686.1583936953,4141279.165383313
587686.1939807832,4141279.305666007
587686.2118207568,4141279.3758049356
587686.2296514383,4141279.445955682
587686.2474777654,4141279.51609774
587686.283050038,4141279.6562858233
587686.3009073362,4141279.7263459284
587686.3187936491,4141279.796507084
587686.3366594868,4141279.866602679
587686.3723170322,4141280.0068986155
587686.3902102731,4141280.077061267
587686.4081121313,4141280.1472625434
587686.4259888339,4141280.217443774
587686.4615683545,4141280.3577307793
587686.4805631592,4141280.4296800485
587686.498565625,4141280.4999836306
587686.5165845802,4141280.5702729877
587686.552424803,4141280.710720275
587686.5704682934,4141280.7810825817
587686.5884674983,4141280.851403157
587686.6064550518,4141280.92168533
587686.6418827322,4141281.0626371643
587686.659728884,4141281.132731078
587686.6775592391,4141281.2027944657
587686.6954048239,4141281.27292257
587686.7309807884,4141281.4131536093
587686.7488179508,4141281.4833026095
587686.766646705,4141281.5533754774
587686.7844901022,4141281.6234728615
587686.8200741508,4141281.7637306373
587686.837877505,4141281.8338006223
587686.8556928805,4141281.903916603
587686.8735119327,4141281.9740396924
587686.9090653921,4141282.1144142556
587686.9268594056,4141282.184562696
587686.9446516992,4141282.2547339844
587686.9624418111,4141282.3249150505
587686.9979692356,4141282.4653834067
587687.0157852302,4141282.5355932075
587687.0336120061,4141282.605764285
587687.0514656476,4141282.675942417
587687.0875135012,4141282.8176871953
587687.1054125,4141282.8878925755
587687.1232946038,4141282.958076805
587687.1589414612,4141283.098534864
587687.1767756972,4141283.16863633
587687.194609504,4141283.238761669
587687.2124323273,4141283.3088986147
587687.230234653,4141283.378977734
587687.2658519731,4141283.5193109964
587687.28366012,4141283.5894065136
587687.301442667,4141283.659482269
587687.3192134234,4141283.7295705862
587687.3547649164,4141283.869951386
587687.3725401463,4141283.9400607133
587687.3903168833,4141284.0101954634
587687.408075294,4141284.080314968
587687.443605658,4141284.220754934
587687.4613905629,4141284.2909373385
587687.4791703705,4141284.3611331084
587687.4969268277,4141284.4313279856
587687.5330690107,4141284.5739566768
587687.5509317822,4141284.644272108
587687.5687885127,4141284.7145788483
587687.5865594879,4141284.784911402
587687.6220838164,4141284.9255700037
587687.6398510495,4141284.9958741125
587687.6576125852,4141285.0661173207
587687.6753932828,4141285.13642779
587687.7109616676,4141285.2770709377
587687.728760018,4141285.3473952557
587687.7466411759,4141285.4178239927
587687.7645283883,4141285.488303585
587687.8002237526,4141285.62917752
587687.8181183913,4141285.699665212
587687.8360151022,4141285.7701693363
587687.8539005925,4141285.840659639
587687.8895883714,4141285.9815819957
587687.9074720381,4141286.052092309
587687.9253637919,4141286.1226336192
587687.9432476471,4141286.1931276303
587687.9789597584,4141286.334092527
587687.9968662281,4141286.4046436213
587688.0147726317,4141286.475194553
587688.050494804,4141286.616184112
587688.0687166912,4141286.6885262188
587688.0866911418,4141286.759111531
587688.1046833812,4141286.829700385
587688.1226665971,4141286.9002345433
587688.1585567386,4141287.041292829
587688.1765808017,4141287.111919559
587688.1945801569,4141287.1825018576
587688.2125737692,4141287.2530794647
587688.2484461442,4141287.3941251
587688.2664237203,4141287.4647024013
587688.2844030685,4141287.535318036
587688.3202540997,4141287.676415497
587688.3382299915,4141287.7470288686
587688.3562030686,4141287.817663405
587688.3741658829,4141287.8882660437
587688.392143249,4141287.958921611
587688.427984559,4141288.100040078
587688.4459734547,4141288.1706923656
587688.463968565,4141288.241334201
587688.481967195,4141288.3119625086
587688.5178711291,4141288.4531775494
587688.5358648419,4141288.523835236
587688.5538500072,4141288.5944921607
587688.5718234475,4141288.6651440538
587688.6076475566,4141288.8063686835
587688.6255990521,4141288.8770472277
587688.6443255176,4141288.949266915
587688.6623190987,4141289.0199724864
587688.6981565604,4141289.1612560665
587688.7161403511,4141289.231968303
587688.7341223063,4141289.3026646688
587688.7520976323,4141289.373351108
587688.7879437922,4141289.514686775
587688.8059344953,4141289.585393168
587688.8239288828,4141289.6561076534
587688.8419332189,4141289.7268285993
587688.8781341516,4141289.868073138
587688.8964058163,4141289.93819928
587688.9146642529,4141290.008288554
587688.9329300156,4141290.0784488837
587688.9691661105,4141290.219031787
587688.9874603951,4141290.2891760664
587689.0057517415,4141290.3592825546
587689.0240507821,4141290.429417137
587689.0603357161,4141290.5699796733
587689.0786338701,4141290.640086254
587689.0969371302,4141290.710211346
587689.1342334754,4141290.8527962114
587689.152478671,4141290.922985957
587689.1707321472,4141290.9931998816
587689.1889372672,4141291.063348221
587689.2071462006,4141291.133502874
587689.2432950522,4141291.274165489
587689.2614900756,4141291.344291742
587689.2796917792,4141291.414468013
587689.2978921421,4141291.484691691
587689.3339467846,4141291.6253108294
587689.3521173132,4141291.695522684
587689.370282766,4141291.765682644
587689.4063568641,4141291.906378573
587689.424513395,4141291.9765266255
587689.4426770611,4141292.046715477
587689.460828387,4141292.1168436026
587689.4789976989,4141292.18701994
587689.5150739168,4141292.3276728005
587689.5332514548,4141292.397857851
587689.5514147504,4141292.468017687
587689.5695820353,4141292.538170753
587689.6056749629,4141292.67880248
587689.6238563153,4141292.7489278517
587689.642789355,4141292.8211087743
587689.6789482336,4141292.961853559
587689.6971744599,4141293.0320720584
587689.7154050535,4141293.10229968
587689.7336493946,4141293.1725693136
587689.7519028162,4141293.2428424964
587689.7880154405,4141293.3835384273
587689.8062082395,4141293.4537442494
587689.8243986996,4141293.523947198
587689.8425837457,4141293.594183984
587689.8787143414,4141293.7349144444
587689.8969162768,4141293.80510724
587689.9151085627,4141293.8752717217
587689.9512406781,4141294.015961668
587689.9694178523,4141294.0861488716
587689.9875900578,4141294.1563449274
587690.0055709429,4141294.226930519
587690.0235530996,4141294.297563072
587690.0594115736,4141294.438650483
587690.0773653879,4141294.5092651052
587690.0953109924,4141294.5798507007
587690.1132607852,4141294.6504615727
587690.1490758037,4141294.7915486568
587690.1670064791,4141294.8621537206
587690.1849474018,4141294.932781813
587690.2028744363,4141295.00336426
587690.238683126,4141295.144486898
587690.2574617781,4141295.2168052937
587690.2754701031,4141295.2874739817
587690.2934671167,4141295.358086491
587690.3293855926,4141295.4992926507
587690.3473823738,4141295.5698999637
587690.3653912009,4141295.640555867
587690.3834195896,4141295.7112315376
587690.4193386511,4141295.8523278763
587690.4373502004,4141295.9229648425
587690.4553462574,4141295.9935307335
587690.4733681032,4141296.064201645
587690.5092785461,4141296.205290431
587690.5272917008,4141296.2758955294
587690.5452959111,4141296.3464840907
587690.5811828675,4141296.487516141
587690.5991964806,4141296.558137946
587690.6171948496,4141296.6286708415
587690.635209757,4141296.699281064
587690.6532074208,4141296.769824649
587690.6891188305,4141296.9109178996
587690.707109809,4141296.981521099
587690.7250749287,4141297.0521229752
587690.7430125589,4141297.122726332
587690.7786884515,4141297.2637661356
587690.7965391923,4141297.334302574
587690.8151031251,4141297.4064518954
587690.850835013,4141297.5475616506
587690.868751305,4141297.6181340255
587690.886673084,4141297.688737533
587690.9045961443,4141297.7593146674
587690.9225191697,4141297.829884158
587690.9582491969,4141297.9709006064
587690.9761699201,4141298.0414844295
587690.9940790358,4141298.112025672
587691.0119792868,4141298.182538913
587691.047681377,4141298.323531208
587691.0655794436,4141298.3940587314
587691.0834829918,4141298.464612744
587691.1013669749,4141298.5350722475
587691.1367166905,4141298.67567554
587691.1544428389,4141298.7455031048
587691.1721693975,4141298.8152928962
587691.1898840258,4141298.8850654666
587691.2253197563,4141299.0251076957
587691.2430047615,4141299.094931712
587691.2606947306,4141299.164728639
587691.2783880687,4141299.2345169527
587691.3138296839,4141299.3745560474
587691.332006614,4141299.4465053836
587691.3497101474,4141299.5164745734
587691.385084657,4141299.6566773555
587691.4027126865,4141299.7265584692
587691.420332084,4141299.796397146
587691.4379591491,4141299.866275885
587691.4555743332,4141299.9361007996
587691.4909380409,4141300.076219372
587691.5085727557,4141300.1460446557
587691.5262206403,4141300.215877373
587691.5438687247,4141300.2856869623
587691.5792538887,4141300.425675199
587691.5968918392,4141300.4954630737
587691.6145248857,4141300.565225352
587691.632168687,4141300.6350433566
587691.6675267626,4141300.774959479
587691.6851775463,4141300.8447826174
587691.7028224535,4141300.914549278
587691.7204799153,4141300.984353606
587691.7558583554,4141301.12427091
587691.7734805663,4141301.194002208
587691.7911077279,4141301.263751172
587691.8087387085,4141301.333498195
587691.8440979309,4141301.4732868145
587691.8617356388,4141301.5429803263
587691.8793984997,4141301.612749994
587691.8973613109,4141301.684310053
587691.9327948855,4141301.8242055103
587691.9504534485,4141301.8939245986
587691.9681061681,4141301.9636723334
587691.9857437662,4141302.0334155113
587692.0210779811,4141302.173168987
587692.0386776896,4141302.2428575004
587692.0562749536,4141302.312555521
587692.0738704578,4141302.3822398977
587692.1091504364,4141302.521990793
587692.1267129843,4141302.591658498
587692.1442992409,4141302.661387639
587692.1795649466,4141302.80107637
587692.1971466471,4141302.870784468
587692.2146953442,4141302.940415304
587692.2324106982,4141303.0106529566
587692.2501249582,4141303.0808431706
587692.2855126082,4141303.2209852007
587692.3032432884,4141303.29118035
587692.3209766499,4141303.361331839
587692.3387053986,4141303.4314227225
587692.3741580619,4141303.5714616114
587692.3919184176,4141303.6415330213
587692.4097114608,4141303.7116377666
587692.4452561582,4141303.8514491078
587692.4630511986,4141303.9213992963
587692.4808400776,4141303.9913471113
587692.4986194697,4141304.0612806985
587692.5163895522,4141304.1312339827
587692.5518157603,4141304.271018073
587692.5695302353,4141304.340951593
587692.5872558872,4141304.41089166
587692.6060126174,4141304.4821652533
587692.641589341,4141304.6219933582
587692.6594376152,4141304.6919536926
587692.6772861152,4141304.7618946447
587692.6951358991,4141304.831813696
587692.7307072189,4141304.971524418
587692.7485370182,4141305.0414269525
587692.7663724772,4141305.1113420553
587692.7842057828,4141305.1812404525
587692.8197706216,4141305.320987946
587692.8376187317,4141305.390930591
587692.8554588603,4141305.4608248384
587692.8910330951,4141305.60057134
587692.9088724218,4141305.670502793
587692.926697843,4141305.7403710033
587692.9445237783,4141305.810253239
587692.9800633998,4141305.9499209146
587692.9978990101,4141306.0198284965
587693.0157126293,4141306.089692213
587693.0335132102,4141306.159484081
587693.051313429,4141306.229336086
587693.086844105,4141306.368950528
587693.1046719241,4141306.4387809676
587693.122728074,4141306.5090731317
587693.1405797385,4141306.5788191124
587693.1762009509,4141306.718355535
587693.19406845,4141306.7880916577
587693.2119374282,4141306.8578145183
587693.2298052688,4141306.9275470213
587693.2654422306,4141307.0670062657
587693.2833166075,4141307.1367563624
587693.3011741901,4141307.2064836384
587693.3190200389,4141307.2762058578
587693.3543746491,4141307.415834852
587693.3720974943,4141307.485198979
587693.389838503,4141307.554630638
587693.407548015,4141307.6239661463
587693.4429418186,4141307.762884457
587693.4606641985,4141307.832264633
587693.4783879665,4141307.9016099814
587693.4961218927,4141307.970955546
587693.5315797525,4141308.1098566502
587693.5493134082,4141308.179164856
587693.567041318,4141308.248492873
587693.6024512022,4141308.3873804742
587693.6201536923,4141308.4566867347
587693.6378556722,4141308.526012379
587693.6555437959,4141308.5953043504
587693.6732377189,4141308.6646429533
587693.7085689623,4141308.803517631
587693.7261649469,4141308.8728003697
587693.7442909492,4141308.942556676
587693.7619369349,4141309.011904158
587693.7972471738,4141309.150662676
587693.8148927903,4141309.219910639
587693.8325340431,4141309.289142853
587693.8501801401,4141309.3583803866
587693.8855576073,4141309.497105291
587693.9032331938,4141309.566300264
587693.9209044197,4141309.6355090044
587693.9385649988,4141309.7047191886
587693.97391659,4141309.843373619
587693.9915586961,4141309.9125121688
587694.0092047092,4141309.98168799
587694.0268387347,4141310.0508286855
587694.062144581,4141310.189398957
587694.0797729567,4141310.2585787554
587694.0973799913,4141310.3277578163
587694.1325689239,4141310.4663739135
587694.1501350044,4141310.5355938473
587694.1676913091,4141310.604758061
587694.1852444445,4141310.6739311125
587694.2028004352,4141310.7431060784
587694.2379418546,4141310.881746623
587694.2554787338,4141310.950936864
587694.2735096936,4141311.020689221
587694.2910947971,4141311.0899105505
587694.326268583,4141311.2285088534
587694.3438364434,4141311.29769496
587694.3613954588,4141311.3668657634
587694.3965485308,4141311.50547954
587694.4141193057,4141311.57471069
587694.4316514627,4141311.6438344056
587694.4492619314,4141311.7132335985
587694.4668720227,4141311.7826744327
587694.5020450024,4141311.921505497
587694.5196675907,4141311.990880593
587694.537303831,4141312.0602832404
587694.5549377534,4141312.12968312
587694.5901790676,4141312.2685012827
587694.6078267866,4141312.3378463225
587694.6254830756,4141312.4072141205
587694.6607177493,4141312.5459540016
587694.6783398291,4141312.615311867
587694.6977123563,4141312.6854786393
587694.7155409952,4141312.7548557045
587694.7333665469,4141312.824223931
587694.7688423092,4141312.9629753665
587694.7866667396,4141313.032313926
587694.8045095202,4141313.101681028
587694.8223378947,4141313.1709720613
587694.8577983935,4141313.309635776
587694.8756014832,4141313.3789822347
587694.8934086622,4141313.448306183
587694.9288989387,4141313.586984395
587694.9467023946,4141313.656202257
587694.9645227705,4141313.7255397514
587694.9823053192,4141313.7947567115
587695.0001247303,4141313.8640914485
587695.0355665381,4141314.002603488
587695.0533744169,4141314.0719139264
587695.0711676138,4141314.141187637
587695.0889401826,4141314.210373925
587695.124402525,4141314.348981093
587695.1421988604,4141314.4181900374
587695.1599934236,4141314.487445867
587695.1971711447,4141314.6268860614
587695.2150973004,4141314.69616253
587695.2330273702,4141314.7654102175
587695.2509673805,4141314.83464092
587695.2689208782,4141314.9038798884
587695.304535935,4141315.0422842363
587695.3224905969,4141315.1115032043
587695.3404490522,4141315.180713233
587695.3584082858,4141315.249892901
587695.3939827301,4141315.3882462657
587695.411881564,4141315.4574160385
587695.4297868329,4141315.5266062147
587695.4653299904,4141315.6649249224
587695.4832245149,4141315.734096844
587695.5011052424,4141315.8032014007
587695.5190096986,4141315.8723890516
587695.5369072082,4141315.9415183375
587695.5724916094,4141316.0797758675
587695.5904096732,4141316.148885284
587695.6083178902,4141316.2179958485
587695.6252025433,4141316.288541207
587695.6602256037,4141316.427199638
587695.6776971931,4141316.4966370594
587695.6951603875,4141316.5660694856
587695.712611466,4141316.635483737
587695.7475852958,4141316.7742100945
587695.7650193518,4141316.8436673307
587695.7833678841,4141316.9138951194
587695.8182648863,4141317.0525456686
587695.8356236258,4141317.1218939857
587695.8529947131,4141317.191314652
587695.8703475919,4141317.2606921555
587695.8876901203,4141317.33006927
587695.9225165067,4141317.468635843
587695.9398361805,4141317.537974265
587695.9571569095,4141317.6073435876
587695.9744767024,4141317.676687122
587696.0092774173,4141317.815164215
587696.0265956947,4141317.8844825868
587696.0439252444,4141317.9538646345
587696.0786846695,4141318.0923194955
587696.0959818104,4141318.161676075
587696.1132686669,4141318.2310026065
587696.1305679439,4141318.300372503
587696.1478564381,4141318.3697207985
587696.1825726135,4141318.5081974883
587696.199851533,4141318.577528262
587696.2176900975,4141318.6477455785
587696.235034177,4141318.717082717
587696.2698419759,4141318.8555613407
587696.2870830413,4141318.924890616
587696.3043371772,4141318.9942146726
587696.3390872804,4141319.13267111
587696.3563275192,4141319.201942214
587696.3735656217,4141319.271250707
587696.3907950788,4141319.340554246
587696.4080266472,4141319.4098508055
587696.4426961815,4141319.5482013957
587696.4599065583,4141319.6175202182
587696.4770901192,4141319.686795086
587696.494285376,4141319.756108755
587696.5288714966,4141319.8944779
587696.5460353915,4141319.9637708347
587696.5631887381,4141320.03305221
587696.597716615,4141320.1714579333
587696.6148568231,4141320.240738644
587696.6319951856,4141320.310014289
587696.6504396364,4141320.3803406614
587696.6677402414,4141320.44968144
587696.702474855,4141320.588106927
587696.7201090371,4141320.65716517
587696.7377696511,4141320.726247723
587696.7554450347,4141320.7953281812
587696.7905931552,4141320.9334334857
587696.808282168,4141321.0025165905
587696.8259632253,4141321.0715404763
587696.8436472139,4141321.1406072625
587696.8787781247,4141321.278716799
587696.89644238,4141321.347782801
587696.9141088852,4141321.416826483
587696.9317647258,4141321.485851
587696.9669481416,4141321.623924578
587696.9846352685,4141321.6929481314
587697.0023307072,4141321.762003593
587697.0200184978,4141321.831028433
587697.0552765545,4141321.969141072
587697.0729834205,4141322.0381281897
587697.090713235,4141322.107186928
587697.12597624,4141322.2452274705
587697.143690846,4141322.3143132343
587697.1613979775,4141322.3833621494
587697.1791159733,4141322.452422719
587697.2003916568,4141322.5231254236
587697.2360920563,4141322.6612799033
587697.2541361363,4141322.730427363
587697.2721769074,4141322.7995033134
587697.2902323739,4141322.868593446
587697.3259067555,4141323.006698668
587697.3438945006,4141323.075740177
587697.3618793922,4141323.1448374167
587697.3975071653,4141323.2829036377
587697.4155161777,4141323.351965393
587697.433528297,4141323.4209958906
587697.4515363035,4141323.4900251655
587697.4695389199,4141323.5590686593
587697.5052326487,4141323.697065426
587697.523279966,4141323.766101112
587697.5413116573,4141323.8351020403
587697.5593449681,4141323.90417662
587697.5950050751,4141324.0421369136
587697.6130144058,4141324.1111774757
587697.6310292219,4141324.1801983197
587697.6667420674,4141324.318243171
587697.6847590855,4141324.3872431815
587697.7027843904,4141324.456284978
587697.7208092905,4141324.5253343973
587697.7388350494,4141324.594398276
587697.7741196579,4141324.733538343
587697.791815374,4141324.8028195496
587697.8111900394,4141324.8736393447
587697.828976101,4141324.942912986
587697.864421984,4141325.0812261165
587697.8822020004,4141325.15048519
587697.8999622606,4141325.2197077973
587697.9353507711,4141325.3579467777
587697.9531303501,4141325.4272302003
587697.9708993246,4141325.4964354117
587697.9886810536,4141325.565690554
587698.0064507254,4141325.6349300714
587698.0418540856,4141325.77317056
587698.0596171133,4141325.842366783
587698.0773821576,4141325.9116063723
587698.0951419047,4141325.9808554095
587698.1304991598,4141326.1190318726
587698.1482482317,4141326.188260557
587698.1660056879,4141326.257493907
587698.1837695303,4141326.3267184724
587698.2201302093,4141326.4660562584
587698.2379904697,4141326.535269668
587698.2558516201,4141326.6045076265
587698.2737206377,4141326.6737437313
587698.3092101006,4141326.811904465
587698.3267960042,4141326.881103077
587698.3443506963,4141326.950249777
587698.3619123892,4141327.0194432167
587698.3970662139,4141327.1576082613
587698.4146122552,4141327.226731179
587698.432161833,4141327.2959437324
587698.4496843944,4141327.365071213
587698.4848300236,4141327.503204114
587698.5024086027,4141327.5723671867
587698.5199783861,4141327.6415368468
587698.5551017998,4141327.779611681
587698.5726639528,4141327.8488044613
587698.590231007,4141327.9179592147
587698.6077966614,4141327.9871155494
587698.6253364607,4141328.056240653
587698.6604377283,4141328.1943597365
587698.6779549671,4141328.2634698045
587698.6954813512,4141328.3326269607
587698.7144135128,4141328.4034958268
587698.7496996422,4141328.5416162675
587698.7673809226,4141328.6108301473
587698.7850585561,4141328.6799932974
587698.8203512058,4141328.81811428
587698.8380221643,4141328.8872780097
587698.8556954329,4141328.9564554747
587698.8735196323,4141329.025420395
587698.9089508101,4141329.163350111
587698.9267120096,4141329.2323307893
587698.9444728325,4141329.3013140587
587698.9622309433,4141329.3703552205
587698.9799472777,4141329.4392937915
587699.0152643648,4141329.5772277582
587699.0330128607,4141329.6461667316
587699.0507760466,4141329.715114604
587699.0865148931,4141329.854329637
587699.1043366061,4141329.9234083984
587699.1221501182,4141329.9924202217
587699.1399613132,4141330.0613936493
587699.1577848222,4141330.130416502
587699.1932046739,4141330.268304016
587699.211039785,4141330.337380109
587699.2288625042,4141330.40635435
587699.2467018295,4141330.4753302424
587699.2821664152,4141330.613176385
587699.299988128,4141330.682195911
587699.3177195024,4141330.7512143315
587699.353002641,4141330.889119371
587699.3707124841,4141330.9581148312
587699.3884078918,4141331.0270368075
587699.4061124146,4141331.0960271945
587699.4237967381,4141331.164980631
587699.4590355508,4141331.302808506
587699.4767227242,4141331.371733675
587699.4944204969,4141331.440669369
587699.5121424017,4141331.5096334806
587699.5474326443,4141331.6474102545
587699.565147726,4141331.716386033
587699.5828531005,4141331.7853400777
587699.6180796162,4141331.923088912
587699.6365874801,4141331.9942608397
587699.6543494904,4141332.063326195
587699.6721035818,4141332.132329062
587699.6898920281,4141332.2014112296
587699.7252761472,4141332.3392889323
587699.7431018208,4141332.408360445
587699.7609043125,4141332.477338363
587699.778700884,4141332.546371295
587699.8140918748,4141332.6842453857
587699.831814759,4141332.753237687
587699.8495199861,4141332.8222016525
587699.8847868362,4141332.960059727
587699.9024487392,4141333.0290366006
587699.9200996994,4141333.098015221
587699.9377621211,4141333.167036319
587699.955407172,4141333.236004181
587699.9898277501,4141333.374156154
587700.0069001982,4141333.442820113
587700.0239531486,4141333.5115160057
587700.040994436,4141333.580175042
587700.0753064272,4141333.7174965777
587700.0923267638,4141333.7861719225
587700.1093307587,4141333.8548362516
587700.1263633718,4141333.9235489015
587700.1607445355,4141334.06098607
587700.1777708551,4141334.129594234
587700.1947841219,4141334.1981964363
587700.211784831,4141334.2668029764
587700.2461017307,4141334.4041422186
587700.263121577,4141334.4727895786
587700.2801240099,4141334.541387758
587700.297129771,4141334.610006722
587700.3316538954,4141334.7485791612
587700.3487322717,4141334.817275214
587700.3657992783,4141334.8858870193
587700.400223861,4141335.0233251275
587700.4172696944,4141335.091934106
587700.4343242123,4141335.160574872
587700.4513603506,4141335.229108202
587700.4683958418,4141335.2976760925
587700.5026677226,4141335.4348758957
587700.519635994,4141335.503409591
587700.536600087,4141335.5719489367
587700.5535454778,4141335.6404183875
587700.587751107,4141335.7774574044
587700.6047204003,4141335.8458525995
587700.6216853176,4141335.914258736
587700.6558841841,4141336.0512294183
587700.6728712054,4141336.1197126913
587700.6898632117,4141336.1881859363
587700.7067733932,4141336.2565930397
587700.723683665,4141336.325049573
587700.7578565809,4141336.4622679693
587700.7747494198,4141336.5307602775
587700.7916428153,4141336.5993144372
587700.8085205863,4141336.667836487
587700.842627523,4141336.8050976396
587700.859495562,4141336.8736060313
587700.8763550208,4141336.9421185
587700.910465243,4141337.079342148
587700.927375023,4141337.14786421
587700.9442778333,4141337.2163543203
587700.9614279945,4141337.286622166
587700.9955397355,4141337.423885927
587701.0124434382,4141337.4924988504
587701.0293230768,4141337.561043817
587701.0465783416,4141337.629828519
587701.0638432808,4141337.6986074047
587701.0983741862,4141337.83610829
587701.115697996,4141337.904906734
587701.1330209526,4141337.97366892
587701.1503668536,4141338.0424859575
587701.1850032969,4141338.179944657
587701.2023651059,4141338.2487397376
587701.219718438,4141338.3174754865
587701.2543615503,4141338.4548993553
587701.2716901918,4141338.523621137
587701.2890304858,4141338.5923727877
587701.3063753857,4141338.661072068
587701.3237404231,4141338.7297937404
587701.3584004276,4141338.8670796715
587701.3757455967,4141338.9357658625
587701.3930497236,4141339.004457241
587701.4103517296,4141339.0731594707
587701.4449067656,4141339.2104054033
587701.4621980467,4141339.2790909596
587701.4803565446,4141339.3493678425
587701.5150209548,4141339.4867823585
587701.5324172317,4141339.555546671
587701.5498056904,4141339.6243017
587701.5671844645,4141339.6931148935
587701.58454043,4141339.761881016
587701.619170025,4141339.8992810696
587701.6365165558,4141339.967992386
587701.6538689312,4141340.036727586
587701.6712370806,4141340.105446336
587701.7059139557,4141340.24277596
587701.7232874645,4141340.311483715
587701.7406604819,4141340.3802219094
587701.7753077451,4141340.5175632
587701.7926815954,4141340.5863244724
587701.8100549368,4141340.65503623
587701.8274525572,4141340.7237607148
587701.8448498074,4141340.792477109
587701.8795462706,4141340.929787859
587701.897246887,4141340.9997136313
587701.9146797222,4141341.068476409
587701.932116825,4141341.1372461943
587701.9668993247,4141341.274676273
587701.9843496269,4141341.343456825
587702.0017952848,4141341.4122048663
587702.0366075188,4141341.549581367
587702.0540449145,4141341.618258819
587702.0714916148,4141341.6869519176
587702.0889505666,4141341.7556500253
587702.1064237268,4141341.8243377265
587702.140321708,4141341.962046737
587702.157190111,4141342.0305224205
587702.1740741539,4141342.0990001853
587702.1909519364,4141342.1674443
587702.2250929278,4141342.304395427
587702.2419399866,4141342.372850867
587702.2587795386,4141342.4412832446
587702.2928102795,4141342.57817271
587702.309600762,4141342.646663712
587702.3263868286,4141342.715139026
587702.3431689409,4141342.7835843023
587702.3599638833,4141342.8520881804
587702.3939385926,4141342.9889984317
587702.4107359835,4141343.057499591
587702.4278651983,4141343.1273408527
587702.4447620624,4141343.195829009
587702.4788792173,4141343.3327638414
587702.4957802733,4141343.401270226
587702.5126856935,4141343.469716389
587702.5469069899,4141343.60673081
587702.5637736071,4141343.675080477
587702.5806537056,4141343.74347305
587702.5975243391,4141343.811834985
587702.6143827374,4141343.8801695006
587702.648531863,4141344.0169951324
587702.665404623,4141344.08533825
587702.6822583807,4141344.1536608096
587702.6991049772,4141344.222020424
587702.7331979381,4141344.3587972918
587702.7500375644,4141344.4271097225
587702.7668912315,4141344.495468191
587702.8009990798,4141344.632185061
587702.8178505177,4141344.700472944
587702.8347058287,4141344.7687355336
587702.8515849941,4141344.837043104
587702.8684768665,4141344.905366134
587702.902666372,4141345.042067026
587702.9195466178,4141345.1103349077
587702.9364464687,4141345.178684826
587702.9533087976,4141345.2469263515
587702.9877095093,4141345.3845473425
587703.0046139483,4141345.4528216515
587703.0215142336,4141345.5210983995
587703.0384149539,4141345.5894080773
587703.0725971257,4141345.7260995302
587703.0894856125,4141345.7943813587
587703.1063785213,4141345.862679303
587703.1232637877,4141345.9309248948
587703.1574514507,4141346.067541834
587703.1743364675,4141346.135748308
587703.1917466499,4141346.204195096
587703.2091465138,4141346.2725602505
587703.2438874898,4141346.4092612374
587703.2613242994,4141346.4776005372
587703.2787718622,4141346.5459237196
587703.3135541443,4141346.6825557915
587703.3309948791,4141346.750916599
587703.3484373249,4141346.8192592254
587703.3658712407,4141346.8875861377
587703.3833158527,4141346.955954851
587703.4180845622,4141347.0925853243
587703.4355167908,4141347.160936803
587703.4529592276,4141347.2293538135
587703.4716111575,4141347.2991392827
587703.506496469,4141347.435886919
587703.5239862947,4141347.504223944
587703.5414988097,4141347.5726521113
587703.558999299,4141347.641012796
587703.5938854462,4141347.7777511105
587703.6113936782,4141347.8461105847
587703.6289196275,4141347.914496247
587703.6464451943,4141347.9828610676
587703.6813575799,4141348.1195422015
587703.6988599448,4141348.1878210492
587703.7163818843,4141348.2561964104
587703.7338988078,4141348.324550205
587703.7687810502,4141348.4611280924
587703.7863048641,4141348.5294737043
587703.80382797,4141348.597800071
587703.8213530697,4141348.6661190656
587703.856256351,4141348.8027402433
587703.8737591091,4141348.8710679496
587703.8912462649,4141348.939383718
587703.9087425566,4141349.0077564623
587703.9435679873,4141349.1443104283
587703.9610620422,4141349.212631951
587703.9785580741,4141349.2808962422
587703.996086908,4141349.349226442
587704.0310164862,4141349.485721608
587704.048572195,4141349.554000918
587704.0660976437,4141349.622238941
587704.0836151646,4141349.6905023092
587704.1184716745,4141349.826986903
587704.1359427292,4141349.895279744
587704.1533910511,4141349.9635163983
587704.1892707774,4141350.101532639
587704.2068355897,4141350.1698548477
587704.2244201315,4141350.238239756
587704.2419916401,4141350.3065356547
587704.2595639634,4141350.3748512575
587704.294486356,4141350.511416645
587704.3120384237,4141350.579734691
587704.3295759173,4141350.648061258
587704.3470953382,4141350.716400739
587704.3800477843,4141350.8530757055
587704.3968606006,4141350.921186479
587704.4136750401,4141350.989272611
587704.4476198567,4141351.1255425983
587704.4644159516,4141351.1936273975
587704.4812033934,4141351.261700085
587704.4979975466,4141351.329814034
587704.5147907159,4141351.3978645205
587704.5487695604,4141351.534093324
587704.5654883352,4141351.602034015
587704.5822239011,4141351.6700116848
587704.598948209,4141351.7379696574
587704.6328065542,4141351.8740333086
587704.6494964563,4141351.942001358
587704.6661698029,4141352.009942318
587704.6828370868,4141352.077886939
587704.7166028606,4141352.2139221756
587704.7332602708,4141352.281870915
587704.7499084605,4141352.349807292
587704.7665368195,4141352.417735532
587704.8001830842,4141352.5537552275
587704.8167566302,4141352.6216965565
587704.8333068913,4141352.6896575755
587704.8498368678,4141352.7576026344
587704.8838523463,4141352.8949444066
587704.900416437,4141352.962933976
587704.9169678834,4141353.0308934893
587704.9504837088,4141353.1670057564
587704.9670572631,4141353.234931257
587704.9836506303,4141353.302916684
587705.0002418676,4141353.3708626265
587705.0168341981,4141353.438809932
587705.0504305566,4141353.574863829
587705.067049427,4141353.64277284
587705.0836699471,4141353.710720255
587705.1002745882,4141353.7786293593
587705.1338751662,4141353.914634183
587705.1504883503,4141353.9825201347
587705.1671056935,4141354.0504195895
587705.2006825439,4141354.186382542
587705.2172714407,4141354.2543215584
587705.233753951,4141354.3222025675
587705.2502486432,4141354.390137641
587705.2667538038,4141354.45805885
587705.300203965,4141354.5939822914
587705.3166883729,4141354.6618908914
587705.3331584778,4141354.7297959183
587705.349632987,4141354.797714228
587705.3830304311,4141354.9336709874
587705.400535926,4141355.003084813
587705.4176629165,4141355.0712788003
587705.451695354,4141355.2075875564
587705.4687817476,4141355.275792937
587705.4858624674,4141355.3439958403
587705.502923282,4141355.412179475
587705.5199718098,4141355.4803961003
587705.5538322334,4141355.6166996285
587705.5708256077,4141355.684900689
587705.5878127217,4141355.753120567
587705.6048162282,4141355.821396909
587705.6385962242,4141355.957683885
587705.6555582256,4141356.0258650063
587705.6725434053,4141356.094129726
587705.6895171072,4141356.162284483
587705.7233427893,4141356.298632317
587705.7403240486,4141356.3667807956
587705.7573220411,4141356.435007077
587705.7743190401,4141356.503163318
587705.8081682025,4141356.6394387255
587705.8259854892,4141356.7092043227
587705.8430859477,4141356.777474493
587705.860177922,4141356.8457548097
587705.8940938475,4141356.9821271678
587705.9111818662,4141357.050394238
587705.9281899887,4141357.118650793
587705.9451864406,4141357.186867803
587705.9790359158,4141357.3232497866
587705.9960451289,4141357.391444677
587706.0130595583,4141357.4596795305
587706.046910041,4141357.5959990774
587706.0639171475,4141357.664151109
587706.0809286516,4141357.732368066
587706.097902044,4141357.8004952464
587706.1148687417,4141357.868639932
587706.1486431379,4141358.0049210773
587706.1656112229,4141358.073104669
587706.1825581386,4141358.1412887615
587706.1994817571,4141358.209453227
587706.2331643597,4141358.345765429
587706.2500859699,4141358.4139379114
587706.2670063918,4141358.4821482147
587706.2839277277,4141358.5504058553
587706.3175231097,4141358.6867245436
587706.3343747193,4141358.754897051
587706.3512363636,4141358.8231412936
587706.3680875521,4141358.8913848693
587706.3999983905,4141359.0279079615
587706.4159030213,4141359.095833929
587706.4317779266,4141359.1636744067
587706.4478500385,4141359.232644427
587706.4800937943,4141359.3685266953
587706.4958918242,4141359.436331847
587706.5116962537,4141359.504150947
587706.5439138563,4141359.6399603128
587706.5597198826,4141359.707749099
587706.5755131295,4141359.775496269
587706.5913246812,4141359.8432987877
587706.6071276049,4141359.911037964
587706.639325242,4141360.0468257926
587706.6550971217,4141360.114603552
587706.6708603938,4141360.182345804
587706.6866415688,4141360.250151218
587706.71879027,4141360.3859415045
587706.734554662,4141360.453748711
587706.7503093635,4141360.5215608613
587706.782400699,4141360.657404944
587706.7981224305,4141360.725186347
587706.8138404314,4141360.7929789834
587706.829547062,4141360.8607774097
587706.8451636818,4141360.9285534644
587706.8778523998,4141361.065717885
587706.8935730151,4141361.133540615
587706.9092922537,4141361.2013301793
587706.9249951845,4141361.2691432256
587706.9569940185,4141361.4050164334
587706.9726992088,4141361.4728865284
587706.9883879815,4141361.5406866316
587707.0040635517,4141361.608476822
587707.0360583632,4141361.7443960947
587707.0517405537,4141361.812229929
587707.0674205739,4141361.880112966
587707.0830761135,4141361.947938978
587707.1150524891,4141362.083954116
587707.1307107633,4141362.151744423
587707.1463841167,4141362.2196441297
587707.1620479883,4141362.2875173814
587707.194000239,4141362.4234851315
587707.2096727199,4141362.4913595566
587707.2253638293,4141362.559250622
587707.2573999644,4141362.695242333
587707.2731183422,4141362.7631052667
587707.2888526451,4141362.8309836444
587707.3046139932,4141362.898900369
587707.320365354,4141362.9667556
587707.3524925212,4141363.102771374
587707.3682342045,4141363.1706456793
587707.3846973793,4141363.238790516
587707.4011671627,4141363.3069756893
587707.4339998248,4141363.4432845884
587707.4506185555,4141363.5125765656
587707.4671111999,4141363.5808034465
587707.4999822441,4141363.717205493
587707.5164654595,4141363.7854483863
587707.5329361298,4141363.8536552098
587707.549399807,4141363.9218561035
587707.5658743992,4141363.990136664
587707.5986739595,4141364.126634045
587707.6151097487,4141364.194897827
587707.6315461822,4141364.2631585523
587707.6479788469,4141364.331445298
587707.6807166954,4141364.4680244713
587707.69714624,4141364.5363924485
587707.7135666544,4141364.604710785
587707.7462895699,4141364.7412647107
587707.7627041194,4141364.8095644037
587707.7791279438,4141364.8779342105
587707.7955294588,4141364.946255315
587707.8119120798,4141365.0145016485
587707.8447030126,4141365.151126778
587707.861191803,4141365.2194422134
587707.8776119776,4141365.2877571583
587707.8940050604,4141365.3560368433
587707.9267627853,4141365.4926016075
587707.9431621511,4141365.5608216384
587707.9595632456,4141365.6290897066
587707.9922919117,4141365.765540474
587708.0087112852,4141365.833847448
587708.0251411146,4141365.9021297228
587708.0415630277,4141365.970374778
587708.0579933648,4141366.0386980255
587708.0928194762,4141366.176242946
587708.1094619919,4141366.2446057172
587708.1261052275,4141366.312952907
587708.1427393076,4141366.381293341
587708.1758189508,4141366.5179336113
587708.1924839816,4141366.586227663
587708.2091679442,4141366.654551683
587708.2258592261,4141366.722869846
587708.2590069018,4141366.8594434536
587708.2756606969,4141366.9277215917
587708.2923137066,4141366.996058994
587708.3253664665,4141367.1326381117
587708.3419912648,4141367.2009522347
587708.3585830897,4141367.2692068503
587708.3751579849,4141367.3375181784
587708.3917051,4141367.405838299
587708.4241793193,4141367.542601915
587708.4405661531,4141367.610602376
587708.4569414657,4141367.678620653
587708.4732605375,4141367.746622097
587708.505732603,4141367.8828792926
587708.5220087434,4141367.9509289255
587708.5382869081,4141368.018955847
587708.5707530093,4141368.15520544
587708.5870757375,4141368.223269524
587708.6033936235,4141368.2912698025
587708.6197192236,4141368.3593335594
587708.6360235967,4141368.4273776035
587708.6685103592,4141368.563694579
587708.68483499,4141368.6317585455
587708.7011771519,4141368.699832974
587708.7175071469,4141368.7678233767
587708.7508952447,4141368.905184314
587708.7672277116,4141368.973250542
587708.7835390692,4141369.041302148
587708.7998275469,4141369.109373048
587708.8321351251,4141369.245746589
587708.8483339327,4141369.3138620397
587708.8645142555,4141369.381931505
587708.8807058077,4141369.45003725
587708.9129121886,4141369.586432841
587708.9290892939,4141369.654543493
587708.9452565603,4141369.7226640047
587708.9614174465,4141369.7907719063
587708.9935805716,4141369.927302493
587709.0097141842,4141369.9954392808
587709.0258295217,4141370.063618529
587709.0578882956,4141370.2002383857
587709.07401069,4141370.2684677565
587709.0901145533,4141370.3366392497
587709.1060344197,4141370.4048136445
587709.1219422041,4141370.47299213
587709.1537675045,4141370.609604908
587709.1696929912,4141370.677826806
587709.1856068778,4141370.745990654
587709.2015252728,4141370.814200964
587709.2333530956,4141370.9508539527
587709.2501505164,4141371.020377861
587709.2661666672,4141371.088575424
587709.2981322361,4141371.2252574884
587709.3141363524,4141371.293491422
587709.33016052,4141371.3617477915
587709.3462026248,4141371.4300182243
587709.3622181902,4141371.4982162644
587709.3941602723,4141371.6349326386
587709.4101562793,4141371.70319791
587709.4262318878,4141371.7718073726
587709.442294495,4141371.840326704
587709.4742840771,4141371.977388544
587709.4903206138,4141372.045985562
587709.5063303867,4141372.1145531777
587709.5381919693,4141372.251661547
587709.5541642623,4141372.320245909
587709.5701396061,4141372.388855129
587709.5860965882,4141372.4573918884
587709.6020764591,4141372.526003343
587709.6339106753,4141372.66310699
587709.649883067,4141372.731689083
587709.665842796,4141372.8002355928
587709.6817918506,4141372.868769679
587709.7136066527,4141373.005889367
587709.7295678054,4141373.0744209485
587709.7454747643,4141373.142968055
587709.7782505023,4141373.2818490304
587709.7942304412,4141373.350491621
587709.8102083253,4141373.419138565
587709.826185549,4141373.487784899
587709.842159014,4141373.556443872
587709.8739226629,4141373.693693343
587709.889875159,4141373.7623784887
587709.9058156945,4141373.831049961
587709.9217580004,4141373.899755433
587709.953440735,4141374.0370946643
587709.9693360663,4141374.1058070804
587709.9852288002,4141374.1745197666
587710.0011302304,4141374.2432879787
587710.0327314779,4141374.3806260102
587710.0486123445,4141374.449379258
587710.0644981237,4141374.51813581
587710.0803886007,4141374.5868483814
587710.1120515483,4141374.72424465
587710.1279419715,4141374.792891995
587710.1438407348,4141374.861632168
587710.1597364509,4141374.930349009
587710.1913500391,4141375.0676462054
587710.2072200875,4141375.1363299927
587710.2238625409,4141375.206287885
587710.2397380457,4141375.275022822
587710.271302357,4141375.4123857813
587710.287176911,4141375.481137807
587710.3030455979,4141375.5498256385
587710.318921702,4141375.618577988
587710.3504857337,4141375.755926568
587710.3663601596,4141375.8246685904
587710.3822387181,4141375.8933998416
587710.3981133337,4141375.9621426268
587710.4289849455,4141376.1001042426
587710.444492352,4141376.168805592
587710.4599854525,4141376.2374839312
587710.4754872026,4141376.3061774606
587710.5065717853,4141376.44345843
587710.5220558728,4141376.5121050365
587710.5375471471,4141376.5807980336
587710.5685868743,4141376.7181078703
587710.5840402216,4141376.786811934
587710.5994692954,4141376.855465002
587710.6148906737,4141376.924128597
587710.6303133644,4141376.992853049
587710.6616738534,4141377.1311715217
587710.677114657,4141377.199864124
587710.6925469121,4141377.26854986
587710.7079738731,4141377.3372447733
587710.7388302009,4141377.4746051114
587710.7541070016,4141377.54324511
587710.7693976404,4141377.6119448487
587710.8001510536,4141377.749318434
587710.8154654952,4141377.8179707397
587710.8307905021,4141377.8866543747
587710.8461167209,4141377.9553448022
587710.8614494168,4141378.024017788
587710.8922684104,4141378.161381853
587710.9075953168,4141378.2300896714
587710.9229069471,4141378.2987802383
587710.9382232601,4141378.3674726123
587710.9690030407,4141378.504862151
587710.9843106486,4141378.573539152
587710.9996132732,4141378.6422257605
587711.0159775021,4141378.711884261
587711.046812221,4141378.8493017703
587711.0621795644,4141378.9179718946
587711.0775471805,4141378.9867021837
587711.0928960482,4141379.0553785716
587711.1236420396,4141379.19281206
587711.1389741257,4141379.261473396
587711.1543156514,4141379.330206306
587711.1696607093,4141379.39890994
587711.2002924647,4141379.536281533
587711.2155216854,4141379.6048964723
587711.2307823257,4141379.6735922797
587711.2613939495,4141379.810949483
587711.2766343119,4141379.8796314443
587711.2918783966,4141379.9482893967
587711.3071447262,4141380.0169704347
587711.3224179938,4141380.0856497274
587711.3530421252,4141380.2229755023
587711.3683049143,4141380.291664404
587711.3838331697,4141380.3603555188
587711.3993704623,4141380.429078929
587711.4302508236,4141380.5664584385
587711.4457612584,4141380.635186404
587711.4612743622,4141380.703827965
587711.492202037,4141380.841129865
587711.5077421779,4141380.909796573
587711.5232682483,4141380.9784343936
587711.5387923995,4141381.047082733
587711.5553337319,4141381.116601743
587711.586406384,4141381.2538355407
587711.6020127872,4141381.322326242
587711.6175889131,4141381.39093243
587711.6331386056,4141381.4593875753
587711.6641425317,4141381.596368723
587711.6797267722,4141381.6647786866
587711.6953084331,4141381.733270345
587711.7261923602,4141381.8700185316
587711.741726263,4141381.938449439
587711.7572384871,4141382.0066949604
587711.7727521606,4141382.07489771
587711.7882722791,4141382.1431623246
587711.8190437387,4141382.2794611733
587711.8344944399,4141382.3475928665
587711.8499395979,4141382.4157111617
587711.8653636198,4141382.4837813983
587711.8959752157,4141382.6198263564
587711.9113525338,4141382.6878242223
587711.9267214751,4141382.755731214
587711.9573077715,4141382.891450699
587711.9726747198,4141382.959224589
587711.9879245842,4141383.0269967276
587712.003173918,4141383.0947625544
587712.0184096656,4141383.1624446237
587712.0512611222,4141383.299217206
587712.0666554795,4141383.366848821
587712.0820735204,4141383.4345206674
587712.0975012039,4141383.502129514
587712.128064965,4141383.6372088
587712.143421598,4141383.704708123
587712.1587879048,4141383.7721725535
587712.1741728596,4141383.839636307
587712.204656759,4141383.974311724
587712.2199999784,4141384.0416617156
587712.2353372428,4141384.108957578
587712.2506661557,4141384.1762117785
587712.2810923571,4141384.310568537
587712.2964183649,4141384.3776857913
587712.3117526056,4141384.4448111574
587712.327068749,4141384.511827335
587712.356775841,4141384.646664585
587712.3717082561,4141384.713636058
587712.3866332524,4141384.780648529
587712.4015263593,4141384.847595418
587712.4313313517,4141384.981263991
587712.4461917797,4141385.0481513944
587712.4610204541,4141385.1149457213
587712.4758275452,4141385.1817435487
587712.5054499141,4141385.315154992
587712.5201318896,4141385.38186526
587712.5347898687,4141385.4485152895
587712.5494327329,4141385.5151578183
587712.5788340855,4141385.648164974
587712.5934697738,4141385.714645603
587712.6081103738,4141385.7810989567
587712.6227473407,4141385.847458331
587712.6521977084,4141385.980022043
587712.6668548086,4141386.0462760474
587712.681498551,4141386.1124871178
587712.6961275076,4141386.1786381626
587712.7260124644,4141386.3118091025
587712.7406682739,4141386.3778233067
587712.7552894376,4141386.4437719416
587712.7698943655,4141386.509710861
587712.7991507538,4141386.641356949
587712.8137065149,4141386.7071698965
587712.8282502994,4141386.772941141
587712.8427924034,4141386.8386897054
587712.8719012019,4141386.9699059706
587712.8863656791,4141387.035495607
587712.9008053663,4141387.101021471
587712.9297845385,4141387.231961342
587712.9442013348,4141387.297377895
587712.9586109137,4141387.3628167077
587712.9728348131,4141387.428109192
587712.9870835405,4141387.493460487
587713.0157798083,4141387.6238538884
587713.0299799724,4141387.689056731
587713.0441569368,4141387.754164922
587713.059090774,4141387.82029797
587713.0877965256,4141387.9502904615
587713.1020451031,4141388.0152905956
587713.1162632012,4141388.080179282
587713.1304933855,4141388.145087858
587713.1590711563,4141388.2746336577
587713.1732482311,4141388.339402107
587713.1873993983,4141388.4040969624
587713.201535582,4141388.468749766
587713.2299596192,4141388.597890859
587713.2440710138,4141388.662420419
587713.2584554034,4141388.7267946573
587713.2728467501,4141388.791175214
587713.3014764123,4141388.9197449554
587713.3158325519,4141388.9839429907
587713.3301781288,4141389.04811799
587713.3587009703,4141389.1763187684
587713.3730070113,4141389.2403436485
587713.3872988018,4141389.3043274046
587713.4015712466,4141389.3682470457
587713.4158358864,4141389.432116094
587713.4442062627,4141389.559724634
587713.4584545194,4141389.623510545
587713.4726971214,4141389.687209881
587713.486927714,4141389.750819451
587713.5160404798,4141389.8790007727
587713.5303331007,4141389.9425117928
587713.5446160213,4141390.00597921
587713.5729397269,4141390.132686551
587713.5871851335,4141390.19599275
587713.6014250771,4141390.259218808
587713.6156095313,4141390.3224073276
587713.629768284,4141390.3855457553
587713.657920616,4141390.5116213635
587713.6720774566,4141390.5745935063
587713.6862200986,4141390.6374833845
587713.7003483834,4141390.7003630856
587713.7283900852,4141390.8258907665
587713.7424844982,4141390.8886755705
587713.7565556557,4141390.951326672
587713.7845588931,4141391.0765525
587713.7986105378,4141391.139074154
587713.8126542596,4141391.201599479
587713.8266791919,4141391.264018925
587713.8406909204,4141391.326394942
587713.8685425844,4141391.4509857115
587713.8825345766,4141391.513216894
587713.8965251162,4141391.5754150846
587713.9104955267,4141391.6375002856
587713.938273649,4141391.761550028
587713.9521359084,4141391.823530672
587713.9659734035,4141391.885424774
587713.9797928615,4141391.9472536435
587714.0073139826,4141392.07071828
587714.0215513309,4141392.1338582984
587714.0353900162,4141392.195573733
587714.0492083769,4141392.2571707815
587714.0767231056,4141392.3802398923
587714.0905124432,4141392.4417086067
587714.1042983716,4141392.503165062
587714.1180694884,4141392.564527952
587714.1455087768,4141392.687109422
587714.1592697205,4141392.748302489
587714.1730330952,4141392.809496943
587714.1854035838,4141392.8710225467
587714.2120897586,4141392.992851372
587714.2252612764,4141393.0536746825
587714.2384166799,4141393.1143987416
587714.2515557685,4141393.175078191
587714.2780626633,4141393.296382914
587714.2911124814,4141393.3569421386
587714.3041414395,4141393.417439287
587714.3171633799,4141393.477929846
587714.3434155188,4141393.598702998
587714.356343227,4141393.6590264896
587714.3691808002,4141393.7192336237
587714.3820065713,4141393.7793974397
587714.4079881741,4141393.8996670027
587714.4207563146,4141393.9596859235
587714.4335102162,4141394.019691128
587714.4462353829,4141394.0795573117
587714.4722648428,4141394.200405559
587714.4849850344,4141394.2601335803
587714.4976983801,4141394.319875954
587714.5103867766,4141394.37952921
587714.5360720727,4141394.498748074
587714.5487195473,4141394.558211487
587714.5613673455,4141394.6176743144
587714.5740090979,4141394.67708115
587714.5996034092,4141394.795749782
587714.6122223841,4141394.85498343
587714.624824486,4141394.9141505817
587714.6374028256,4141394.9732716624
587714.6628725388,4141395.0914527513
587714.675427647,4141395.1504153265
587714.6879804698,4141395.209355785
587714.7005215696,4141395.2682353584
587714.725899062,4141395.3858537558
587714.7383981617,4141395.444544506
587714.7508886418,4141395.503201758
587714.7633622297,4141395.5618007854
587714.788974822,4141395.6799579635
587714.80147097,4141395.738421504
587714.8139336873,4141395.7968202233
587714.8390623159,4141395.9134859233
587714.851442967,4141395.9716684157
587714.8638070413,4141396.0298245777
587714.8761471583,4141396.0878878925
587714.8884752186,4141396.1459274115
587714.91340407,4141396.2619248475
587714.9256631549,4141396.3197770175
587714.9379031891,4141396.377599986
587714.9501386256,4141396.4353635404
587714.9749154567,4141396.550813725
587714.9875436665,4141396.6085462603
587715.0001627416,4141396.6662353757
587715.0252993206,4141396.7814150774
587715.0379052205,4141396.83890292
587715.050501317,4141396.896337918
587715.0630769158,4141396.953702925
587715.0756441733,4141397.01103473
587715.1010307322,4141397.1266784677
587715.1136635968,4141397.183891774
587715.1262886463,4141397.2410507468
587715.1389077004,4141397.298169712
587715.1639732542,4141397.412130769
587715.1765704053,4141397.4690734735
587715.1891521367,4141397.525936328
587715.2141701796,4141397.639489813
587715.2267458488,4141397.6961887483
587715.2393157929,4141397.752821118
587715.2518317461,4141397.809373922
587715.2643486602,4141397.86592247
587715.2892609544,4141397.978771728
587715.3017688094,4141398.0351353176
587715.3142619665,4141398.091418546
587715.3267315032,4141398.1476312727
587715.3515217254,4141398.2598724426
587715.3639617785,4141398.315959114
587715.3763872883,4141398.371943398
587715.40107277,4141398.483722754
587715.4143016813,4141398.5410983176
587715.4267849006,4141398.5969546777
587715.4392654232,4141398.652781145
587715.4517423605,4141398.7085412187
587715.4764525476,4141398.8197578713
587715.4888952584,4141398.8753224965
587715.5013293575,4141398.9308560826
587715.5137559418,4141398.986334392
587715.5383582916,4141399.096917236
587715.5507709385,4141399.152233147
587715.5631144061,4141399.207434932
587715.5876064296,4141399.317523714
587715.5999246342,4141399.372554803
587715.6122271125,4141399.427501386
587715.6245109071,4141399.482401435
587715.6367677319,4141399.537241562
587715.6610682148,4141399.6466776226
587715.6732684793,4141399.7013323163
587715.6854554799,4141399.7559720026
587715.6976110577,4141399.810528949
587715.7216220043,4141399.91987477
587715.7337675521,4141399.9740987853
587715.7458940496,4141400.0282509313
587715.7580081999,4141400.082371579
587715.7820090869,4141400.190434339
587715.7955393735,4141400.2457844545
587715.8077042942,4141400.2996101812
587715.81987826,4141400.35337514
587715.8439902455,4141400.460770011
587715.8561647302,4141400.5143523174
587715.8682731057,4141400.56787268
587715.8803698275,4141400.6213403344
587715.9042906102,4141400.728122573
587715.9163054822,4141400.781377859
587715.9282933874,4141400.8345654486
587715.9402633776,4141400.887708559
587715.9639635244,4141400.9938570294
587715.9758957338,4141401.046819561
587715.987806733,4141401.0997203253
587715.999704282,4141401.1525550513
587716.0232994511,4141401.258164874
587716.0351781142,4141401.3108049696
587716.0470546155,4141401.3634077753
587716.0589231227,4141401.415920785
587716.0824261274,4141401.520844368
587716.0942510494,4141401.573175852
587716.1060736892,4141401.6254765657
587716.1295337393,4141401.7299424093
587716.1413606659,4141401.7820126708
587716.1531772403,4141401.834053145
587716.1648621878,4141401.8859469085
587716.1765319852,4141401.9377908926
587716.1997705192,4141402.0414106445
587716.2114224825,4141402.0930299866
587716.2230583662,4141402.1446108464
587716.2346722881,4141402.1961230445
587716.2595266418,4141402.3003824377
587716.2713093702,4141402.3517314927
587716.2830786265,4141402.4030255834
587716.2948207967,4141402.4542596904
587716.3179801789,4141402.55666322
587716.3296332683,4141402.607738935
587716.3412820821,4141402.6587650953
587716.352913405,4141402.709697019
587716.3758712375,4141402.811426831
587716.3874339927,4141402.862156853
587716.3989935229,4141402.9128496
587716.4105364009,4141402.963457875
587716.4333956068,4141403.064592859
587716.4449409683,4141403.1149967727
587716.4564586581,4141403.165507141
587716.4679647536,4141403.2158803325
587716.4907760648,4141403.3164246907
587716.5022630414,4141403.3666314203
587716.513729595,4141403.416726998
587716.5251373576,4141403.4667898137
587716.5477192211,4141403.5667066555
587716.5590224231,4141403.6165828337
587716.5702990856,4141403.6663819603
587716.5815612681,4141403.7161290315
587716.6054167782,4141403.816767281
587716.6167967487,4141403.866335501
587716.6281719824,4141403.915882165
587716.6395277561,4141403.9653295274
587716.6618991502,4141404.063952591
587716.6732073816,4141404.1132037016
587716.6845139504,4141404.162376258
587716.7068392243,4141404.2604466463
587716.718125872,4141404.309376953
587716.7293977565,4141404.3582660737
587716.7406603509,4141404.407115441
587716.7519039866,4141404.4558501723
587716.7740655555,4141404.5531079005
587716.785250645,4141404.601618207
587716.7964231381,4141404.6500720764
587716.8075883951,4141404.698460024
587716.8295669939,4141404.7949537695
587716.8406665208,4141404.8431395865
587716.8517414285,4141404.891232546
587716.8735666468,4141404.9871330913
587716.88715697,4141405.0369231044
587716.898475097,4141405.084838071
587716.9097846125,4141405.132680217
587716.9210909911,4141405.1804548656
587716.9431740771,4141405.2756315228
587716.9544465343,4141405.3231851524
587716.9655783346,4141405.370635107
587716.9767050855,4141405.418028576
587716.9985449811,4141405.5124966903
587717.0096070817,4141405.5596686355
587717.0206380903,4141405.606741795
587717.0423225429,4141405.700626346
587717.0533260404,4141405.747502992
587717.0643095538,4141405.794330204
587717.0752666077,4141405.8410588377
587717.0862129546,4141405.887727174
587717.1076961763,4141405.980783447
587717.1185808106,4141406.0272659343
587717.1294439136,4141406.07368658
587717.1402802081,4141406.120020832
587717.1610769134,4141406.2120649475
587717.1715698922,4141406.2575445217
587717.182033503,4141406.3029716937
587717.1924772868,4141406.348345409
587717.2145848009,4141406.440821189
587717.2250359852,4141406.4860086488
587717.2354667205,4141406.5311005153
587717.2458851238,4141406.576122153
587717.2665027592,4141406.666295155
587717.2769384513,4141406.71113009
587717.2872264227,4141406.755851051
587717.2975128333,4141406.800484627
587717.3179984732,4141406.8898674897
587717.32827589,4141406.934288285
587717.3385406093,4141406.9786464283
587717.3589058111,4141407.0675145956
587717.3690738378,4141407.111649073
587717.379220607,4141407.1557192244
587717.3893436581,4141407.199711484
587717.3994453298,4141407.2436248935
587717.4194930637,4141407.331652601
587717.4295042532,4141407.3754049325
587717.4394932392,4141407.4190961625
587717.449453954,4141407.4627011274
587717.4692069557,4141407.550030826
587717.4790823937,4141407.5934075536
587717.4889452376,4141407.6367284986
587717.5085284945,4141407.7235119147
587717.518308517,4141407.7665983136
587717.5280692496,4141407.8096251823
587717.5392725331,4141407.854554667
587717.549017725,4141407.897502266
587717.5684314638,4141407.9835331473
587717.57812058,4141408.0262878165
587717.5877972656,4141408.068925706
587717.5974833426,4141408.1115266625
587717.6168039435,4141408.196745708
587717.6264661361,4141408.2390905134
587717.6361241444,4141408.2813629173
587717.6457830627,4141408.3235703977
587717.6650510704,4141408.4081267756
587717.6746570718,4141408.4501023763
587717.68422924,4141408.4919831133
587717.6937759047,4141408.5337942992
587717.7127971497,4141408.6175758564
587717.7222870106,4141408.6592035694
587717.7317522835,4141408.700775756
587717.7411799273,4141408.742236301
587717.7599518882,4141408.825389887
587717.7693021618,4141408.866701006
587717.778822867,4141408.9084364315
587717.7883245498,4141408.950093278
587717.8070789487,4141409.0330241597
587717.8165455253,4141409.074436682
587717.8273714487,4141409.1178664607
587717.8369171708,4141409.159243428
587717.8557487892,4141409.241625495
587717.8652864707,4141409.282809537
587717.874813628,4141409.3239197684
587717.884326373,4141409.364971322
587717.9030529807,4141409.4466547314
587717.912539481,4141409.487487414
587717.9220217866,4141409.528222349
587717.9315017627,4141409.568871903
587717.9501928631,4141409.649700885
587717.9596788258,4141409.6901519564
587717.9691564646,4141409.730495374
587717.9786204073,4141409.7707220204
587717.99722979,4141409.8508050786
587718.0066196489,4141409.8908449486
587718.0159859078,4141409.9308383437
587718.0253243013,4141409.9707421954
587718.0436246265,4141410.0501654907
587718.0528310864,4141410.089846422
587718.0620095457,4141410.129475546
587718.071166977,4141410.169033516
587718.0891950715,4141410.2477560043
587718.0983346123,4141410.2871172093
587718.107465578,4141410.3263693633
587718.1254612766,4141410.404466722
587718.1344345473,4141410.4433960957
587718.1434072274,4141410.482250114
587718.1523728163,4141410.5210188576
587718.1613274838,4141410.5596952336
587718.1790812314,4141410.6367807207
587718.1879785686,4141410.6752759586
587718.1991575444,4141410.7175199054
587718.2082189326,4141410.75614266
587718.2259950277,4141410.8328986447
587718.2349667042,4141410.871316589
587718.2439166452,4141410.9096739125
587718.2614573905,4141410.9858523766
587718.2703065936,4141411.023997272
587718.2791114091,4141411.0620635813
587718.2878846938,4141411.100063851
587718.3051481264,4141411.1755331154
587718.3139047303,4141411.21326463
587718.3226553935,4141411.2509226603
587718.3314059038,4141411.2885384797
587718.3401519877,4141411.3260695925
587718.3566096735,4141411.4001481407
587718.3648369224,4141411.436717406
587718.3730495089,4141411.4732312015
587718.3812441857,4141411.509661465
587718.397631727,4141411.5824572504
587718.4056958659,4141411.618545568
587718.4137574983,4141411.6545811775
587718.4218059364,4141411.6905210707
587718.4381097812,4141411.762534479
587718.4461280913,4141411.7982541164
587718.4541283944,4141411.833916414
587718.4620975348,4141411.8694915934
587718.4782272705,4141411.940770047
587718.4861685908,4141411.976133564
587718.4950936987,4141412.0139569803
587718.5112304729,4141412.0849092356
587718.5191922804,4141412.1201974032
587718.5271518843,4141412.1554338457
587718.5351038564,4141412.1905867383
587718.5430377993,4141412.225661258
587718.559032977,4141412.295736354
587718.5669378309,4141412.330565914
587718.5748370589,4141412.3653158452
587718.5827201752,4141412.399956889
587718.5986285133,4141412.4692474296
587718.6064801766,4141412.5037117815
587718.6143110145,4141412.5380822876
587718.6300605376,4141412.6067469944
587718.6378102084,4141412.6408817843
587718.6455427519,4141412.674944954
587718.6532558972,4141412.7089147405
587718.6609476602,4141412.742809609
587718.6764298908,4141412.810502164
587718.6840610935,4141412.8441487104
587718.6916766054,4141412.8777103843
587718.6992772912,4141412.911207952
587718.7144625811,4141412.9779416104
587718.7218887327,4141413.0110036675
587718.7293066594,4141413.0439664377
587718.7444415666,4141413.1100305133
587718.7518415377,4141413.1427843156
587718.7592349842,4141413.1754402854
587718.767979581,4141413.2111619096
587718.775523064,4141413.243917835
587718.7907908899,4141413.3094056537
587718.7982903298,4141413.3419555174
587718.8057619599,4141413.3744279235
587718.8132101719,4141413.406854947
587718.828229412,4141413.471674808
587718.8355856342,4141413.5038909754
587718.8432862698,4141413.5365728475
587718.8509478971,4141413.569202322
587718.865981906,4141413.6339200814
587718.8735301418,4141413.666357497
587718.881046904,4141413.698738434
587718.8885435915,4141413.731069143
587718.9033034068,4141413.795135562
587718.9107399873,4141413.8272174723
587718.9181644812,4141413.8592278967
587718.9261478661,4141413.8926933007
587718.9409039945,4141413.956129518
587718.9483920573,4141413.987946301
587718.9558809113,4141414.0197261535
587718.9633641858,4141414.0513962745
587718.9780428199,4141414.113983268
587718.9854531136,4141414.1452650996
587718.9928578056,4141414.1765035596
587719.0002522398,4141414.207678426
587719.0148380211,4141414.2695978903
587719.0221919155,4141414.300559695
587719.0295296211,4141414.331456155
587719.0368515507,4141414.362296188
587719.0512579508,4141414.4235987794
587719.058494343,4141414.454253803
587719.0656989022,4141414.484847345
587719.0798650829,4141414.5456254687
587719.0869921147,4141414.576011735
587719.0940986574,4141414.606353132
587719.1011837913,4141414.636626399
587719.1091572768,4141414.668325774
587719.1232215384,4141414.728420727
587719.1303520838,4141414.7584915897
587719.1374674899,4141414.7884915275
587719.1445741358,4141414.8184297998
587719.158520893,4141414.8778392435
587719.1656047037,4141414.907560155
587719.1726843106,4141414.9371998357
587719.1797585187,4141414.966752001
587719.193638125,4141415.0254224986
587719.2006795462,4141415.0548055475
587719.2077073334,4141415.0841278606
587719.2214840614,4141415.142286996
587719.2283585777,4141415.1711848835
587719.2352051394,4141415.2000227296
587719.2420181225,4141415.228793139
587719.2487995503,4141415.2575000585
587719.2621632861,4141415.314640719
587719.2688876721,4141415.3431534464
587719.2755872996,4141415.371594924
587719.2822559469,4141415.399970067
587719.2943060623,4141415.4562833044
587719.3002282303,4141415.4839552813
587719.3061424282,4141415.5115714115
587719.3120408518,4141415.539091536
587719.3243848018,4141415.594721973
587719.3302935207,4141415.622066269
587719.336197358,4141415.649350318
587719.3420961625,4141415.676567514
587719.3542414269,4141415.731010984
587719.3600639796,4141415.757915423
587719.365889963,4141415.7847621418
587719.3717133631,4141415.811538635
587719.3837914033,4141415.86521439
587719.3896202247,4141415.891786209
587719.3954439354,4141415.9182626056
587719.4075012939,4141415.9713687785
587719.4132978739,4141415.997668844
587719.4190853653,4141416.023938271
587719.4248514795,4141416.0501421173
587719.4305953402,4141416.076292867
587719.4424235015,4141416.128675445
587719.4480797269,4141416.15457877
587719.453718158,4141416.180436023
587719.4593393018,4141416.2062381497
587719.4709472118,4141416.25795142
587719.4765042634,4141416.2835449786
587719.482035097,4141416.3090583286
587719.4875412704,4141416.3345030714
587719.4989002066,4141416.3855276965
587719.504244238,4141416.410747963
587719.5100238604,4141416.436577016
587719.5153830983,4141416.4616865953
587719.5264693979,4141416.5120865847
587719.5317468267,4141416.537016831
587719.5370013465,4141416.5618800586
587719.5422404532,4141416.5866821045
587719.5531131213,4141416.6364242397
587719.5582993609,4141416.6610171343
587719.5634745742,4141416.6855424154
587719.5686458892,4141416.7099949117
587719.5794249699,4141416.759064027
587719.584581541,4141416.7833184227
587719.5897354691,4141416.8074986427
587719.5948848681,4141416.831612706
587719.6055772754,4141416.880015801
587719.6106653227,4141416.9039562107
587719.6157305288,4141416.927830881
587719.6207805027,4141416.95165009
587719.6312820028,4141416.999469396
587719.6362811408,4141417.023105578
587719.6418036079,4141417.0470595043
587719.6527101567,4141417.0947536724
587719.6581828237,4141417.1185158016
587719.6636334785,4141417.1421993007
587719.6690304895,4141417.1658109124
587719.6748999653,4141417.189826864
587719.6856117072,4141417.236697916
587719.6909880823,4141417.26002158
587719.6963453303,4141417.283286068
587719.701682144,4141417.3064792724
587719.7122153451,4141417.3527137423
587719.7175061399,4141417.375722835
587719.7227759345,4141417.398661333
587719.7331646516,4141417.4443619377
587719.7383798047,4141417.467087421
587719.743578565,4141417.489746613
587719.7487573822,4141417.512324423
587719.7539185619,4141417.5348275243
587719.7641010351,4141417.579666421
587719.7692213175,4141417.601986186
587719.7743257714,4141417.6242288356
587719.7794152829,4141417.6464090254
587719.789461845,4141417.6905683903
587719.7945211343,4141417.7125261617
587719.7995701724,4141417.7344015194
587719.8095380364,4141417.777980458
587719.8145508103,4141417.799665321
587719.8195507559,4141417.8212813525
587719.8245363855,4141417.8428216227
587719.8299455086,4141417.8642635965
587719.839763044,4141417.906874328
587719.8446925055,4141417.9280318925
587719.849606708,4141417.9491121517
587719.8545032266,4141417.9701122623
587719.8641603809,4141418.0119822784
587719.8690112802,4141418.032763257
587719.8738438217,4141418.0534810782
587719.8833455312,4141418.094806589
587719.8881035027,4141418.1153254365
587719.8928320914,4141418.135765663
587719.8975294179,4141418.1561353174
587719.902190268,4141418.176422923
587719.911320511,4141418.2168505425
587719.915884244,4141418.2369137947
587719.9204140173,4141418.256901939
587719.9249149235,4141418.276833096
587719.9337420204,4141418.316535298
587719.9381685649,4141418.336235672
587719.9425795642,4141418.3558643186
587719.9469789983,4141418.3754194435
587719.9562171135,4141418.413439712
587719.9607036458,4141418.4319817647
587719.9651826846,4141418.45044212
587719.9696591798,4141418.4688220504
587719.9784263448,4141418.5060180323
587719.9828516147,4141418.5242057154
587719.9872716379,4141418.542316259
587719.9916832668,4141418.5603590356
587720.0003141583,4141418.5968189416
587720.0046728171,4141418.614611379
587720.0090134594,4141418.6323039043
587720.0133326257,4141418.649910487
587720.0217704842,4141418.685546514
587720.0260242531,4141418.702939731
587720.0302569021,4141418.7202572566
587720.0344715226,4141418.7375047216
587720.0427126194,4141418.7724187626
587720.0468761175,4141418.7894556145
587720.0510190339,4141418.806402645
587720.055151839,4141418.823279005
587720.0634131202,4141418.857830997
587720.067515856,4141418.874463987
587720.0715990795,4141418.8910303083
587720.0756614236,4141418.907523996
587720.0835761654,4141418.9409392145
587720.0875796569,4141418.9572085305
587720.0915588996,4141418.973399677
587720.0992948945,4141419.006197508
587720.1032077754,4141419.022161632
587720.1070503589,4141419.0381072997
587720.1108750855,4141419.053993145
587720.1146747516,4141419.069800903
587720.1221058075,4141419.101791965
587720.1258394938,4141419.1173802866
587720.1295510018,4141419.132886068
587720.1332429398,4141419.1483186744
587720.1404639143,4141419.179548109
587720.1440954736,4141419.1947520045
587720.1477144172,4141419.209894693
587720.1513132488,4141419.2249508556
587720.1585580014,4141419.255724862
587720.1621161406,4141419.2705336595
587720.1656529779,4141419.28527424
587720.1691683934,4141419.2999479207
587720.1760097741,4141419.3296754514
587720.1794669579,4141419.3441284634
587720.1829061669,4141419.3584988224
587720.1863326719,4141419.3728009276
587720.1930276272,4141419.401793264
587720.1964227528,4141419.415871874
587720.1997210265,4141419.4304510294
587720.2062616607,4141419.459431372
587720.2095464343,4141419.4737911657
587720.2128262192,4141419.4880835684
587720.2160986955,4141419.502296591
587720.2193652785,4141419.516426314
587720.2258271399,4141419.5444861213
587720.2290583213,4141419.558390002
587720.2322704743,4141419.5722088334
587720.23546705,4141419.585963058
587720.2417689946,4141419.6132954187
587720.2449122604,4141419.6268386897
587720.2480327177,4141419.6403141646
587720.2541677424,4141419.6671017623
587720.2575875673,4141419.6805465007
587720.260670047,4141419.6937383064
587720.263735077,4141419.7068536105
587720.2667866248,4141419.719912363
587720.2727672048,4141419.7458881214
587720.2757663069,4141419.758748406
587720.2787321107,4141419.771557212
587720.2816818105,4141419.7843020395
587720.2874756503,4141419.8096382567
587720.2903711465,4141419.822180898
587720.2932492961,4141419.834659066
587720.2988996943,4141419.859459101
587720.3017242667,4141419.8717410457
587720.3045264083,4141419.883958059
587720.3073060442,4141419.8961125296
587720.3100633182,4141419.908206205
587720.3154637641,4141419.9322517766
587720.3181624949,4141419.9441587
587720.3208423422,4141419.9559997735
587720.3235034625,4141419.9677736103
587720.3287238248,4141419.991185855
587720.3313350591,4141420.00277242
587720.3339287098,4141420.0142995063
587720.3390026989,4141420.03721688
587720.3415356402,4141420.048562353
587720.3445354502,4141420.060194539
587720.3470715251,4141420.071422295
587720.3495920246,4141420.0825888985
587720.3544994304,4141420.1047741966
587720.3569617338,4141420.1157535934
587720.3594110677,4141420.1266784496
587720.3618481045,4141420.1375400485
587720.3666178636,4141420.1591301807
587720.369024878,4141420.169809717
587720.3714223062,4141420.180426695
587720.3738114999,4141420.1909806216
587720.3788797027,4141420.21340521
587720.3814861926,4141420.224407185
587720.3840866119,4141420.2353585474
587720.3866787209,4141420.2462429306
587720.3915900779,4141420.267422856
587720.3941637051,4141420.2781462083
587720.3967284075,4141420.2888169056
587720.3992814755,4141420.2994307363
587720.4040930222,4141420.3200677666
587720.406606326,4141420.3305213717
587720.4091068367,4141420.340927647
587720.4115922701,4141420.351281501
587720.41625617,4141420.3714079205
587720.4186904406,4141420.381608579
587720.4214357743,4141420.392123654
587720.4238133089,4141420.402218624
587720.4282897145,4141420.421819022
587720.4306172623,4141420.431753897
587720.4329307827,4141420.4416365237
587720.435233175,4141420.451472377
587720.4395762191,4141420.4705361067
587720.4418481573,4141420.480199469
587720.4441121145,4141420.4898054493
587720.4463678749,4141420.4993612883
587720.4506115646,4141420.517873261
587720.4528282415,4141420.527270524
587720.455032431,4141420.5366132287
587720.459169888,4141420.5546992747
587720.4613296886,4141420.5638769893
587720.4634745067,4141420.573002047
587720.4656074035,4141420.58207974
587720.4677276486,4141420.5911033084
587720.47169875,4141420.6085731164
587720.4737744349,4141420.617440051
587720.4758362353,4141420.6262537693
587720.4778861515,4141420.63501746
587720.4817168657,4141420.651938184
587720.4837274849,4141420.6605366077
587720.48572875,4141420.6690881164
587720.4894281969,4141420.685621258
587720.4913535942,4141420.6940391967
587720.4932676489,4141420.7024114938
587720.4951704373,4141420.7107357997
587720.4987614332,4141420.7267669803
587720.500635287,4141420.7349329847
587720.5028123279,4141420.7434565467
587720.5046900767,4141420.751498598
587720.506557028,4141420.759484489
587720.5100598824,4141420.7748689763
587720.5118948,4141420.78270111
587720.5135338218,4141420.7900135997
587720.5167417731,4141420.804511726
587720.518332279,4141420.8116593678
587720.5199078962,4141420.8187574535
587720.5214707479,4141420.825806625
587720.5230194072,4141420.8328010617
587720.5260526423,4141420.846664705
587720.527556759,4141420.8534937594
587720.5290495548,4141420.8602759484
587720.5305304362,4141420.867000924
587720.5334360645,4141420.8803325114
587720.5348792247,4141420.886895705
587720.536307434,4141420.893406047
587720.53910016,4141420.906317448
587720.5404840898,4141420.912698644
587720.5418541876,4141420.919023582
587720.5432109194,4141420.9253031993
587720.5445546553,4141420.9315354847
587720.5471801094,4141420.943877354
587720.5484801095,4141420.9499694826
587720.5497660713,4141420.9560110634
587720.5510381816,4141420.9620053004
587720.5535219271,4141420.973877698
587720.5547523841,4141420.9797404003
587720.5559671822,4141420.9855524627
587720.5591181981,4141420.9975164323
587720.5603602168,4141421.0031839646
587720.5615860701,4141421.008808111
587720.5627956021,4141421.0143876625
587720.5639889004,4141421.019920932
587720.5662714163,4141421.03088033
587720.5674278215,4141421.0362775833
587720.5685728461,4141421.041633215
587720.5697068198,4141421.046943951
587720.5718875348,4141421.0574431443
587720.573001404,4141421.0626013363
587720.5741089338,4141421.06771456
587720.5752096302,4141421.0727794683
587720.5773318049,4141421.0827874844
587720.5784181034,4141421.0876918943
587720.5795001307,4141421.0925474
587720.580577082,4141421.0973547315
587720.5826471165,4141421.1068415553
587720.5837039925,4141421.111481986
587720.58475441,4141421.1160671595
587720.5857790591,4141421.1206221115
587720.5877500046,4141421.1295916867
587720.5887405712,4141421.1339872647
587720.5897209418,4141421.1383251585
587720.590692056,4141421.142608966
587720.5925575038,4141421.1510417964
587720.5934944528,4141421.15516982
587720.5944186263,4141421.159242819
587720.5959755238,4141421.1655290257
587720.5980305457,4141421.174346604
587720.5997810817,4141421.1795432684
587720.6008823359,4141421.184069743
587720.6019723096,4141421.1885457397
587720.603898489,4141421.196847501
587720.6049569906,4141421.201179519
587720.6060019232,4141421.2054643007
587720.6070328021,4141421.2097004335
587720.6088376597,4141421.2175457445
587720.6098348752,4141421.2216590974
587720.6108191166,4141421.2257339857
587720.6117874327,4141421.2297634375
587720.6134602868,4141421.237189476
587720.6143894462,4141421.241090026
587720.615305828,4141421.244952901
587720.6162079407,4141421.248780111
587720.6177480946,4141421.255810295
587720.6186115207,4141421.259515085
587720.6194635596,4141421.2631838224
587720.6203024618,4141421.2668154216
587720.6217163472,4141421.2734488565
587720.6224703987,4141421.2769633853
587720.6232146036,4141421.2804369004
587720.6239481885,4141421.2838712414
587720.6252033298,4141421.2900985912
587720.6259040846,4141421.2934075664
587720.6265975876,4141421.2966731354
587720.6272848335,4141421.2998987576
587720.6284536677,4141421.3056988306
587720.6291128905,4141421.308789985
587720.629765768,4141421.311832238
587720.6307497751,4141421.315453017
587720.6318697438,4141421.320789063
587720.6325109233,4141421.3236427503
587720.6331446904,4141421.3264509626
587720.633772935,4141421.329215322
587720.6348208325,4141421.3341256576
587720.6354277185,4141421.3367699985
587720.6360263565,4141421.3393701524
587720.6366186198,4141421.3419252844
587720.6375928412,4141421.34641197
587720.6381617354,4141421.348843396
587720.6387217495,4141421.3512356947
587720.6392736346,4141421.3535840483
587720.6401686495,4141421.357662491
587720.6406996202,4141421.3598931255
587720.641220372,4141421.3620828255
587720.6420471328,4141421.365827007
587720.6425444832,4141421.3678821474
587720.6428478297,4141421.369361295
587720.6431417024,4141421.370799105
587720.6434343363,4141421.372212953
587720.6439845067,4141421.3749319627
587720.6442548055,4141421.3762194943
587720.6445156349,4141421.3774646306
587720.6447657632,4141421.378666933
587720.6452278777,4141421.3809585855
587720.64545377,4141421.3820303148
587720.6456706926,4141421.3830603077
587720.6465447005,4141421.3856587494
587720.6467587537,4141421.3865482705
587720.6469638445,4141421.387396436
587720.647159156,4141421.38820426
587720.6473429654,4141421.38897306
587720.6476449913,4141421.390417808
587720.6477953868,4141421.391060647
587720.6479359873,4141421.3916629367
587720.6480655696,4141421.392225569
587720.6482591842,4141421.3932650555
587720.6483557724,4141421.39371022
587720.6484436115,4141421.394116864
587720.6485211924,4141421.394485448
587720.6486094622,4141421.39513859
587720.6486525933,4141421.3953904565
587720.6486872168,4141421.3956037564
587720.6487124554,4141421.395779256
587720.6487008146,4141421.3960502814
587720.6486957418,4141421.396114266
587720.6486831802,4141421.3961421456
587720.6486635563,4141421.3961340794
587720.6485659961,4141421.3960409835
587720.6485068322,4141421.395942621
587720.6484417005,4141421.3958104425
587720.6482750622,4141421.3954691677
587720.6481909208,4141421.3952484345
587720.6481013453,4141421.3950022436
587720.6480101477,4141421.394736622
587720.6479198826,4141421.3944570646
587720.6477173957,4141421.3938853606
587720.6476227927,4141421.3935831524
587720.6475294644,4141421.3932811604
587720.6474402731,4141421.392983432
587720.6482606304,4141421.393067723
587720.6482481633,4141421.392773482
587720.6482384582,4141421.392488106
587720.6482347124,4141421.392216581
587720.6481714512,4141421.391745837
587720.6483506672,4141421.3927746126
587720.6483841354,4141421.3928795336
587720.6484237753,4141421.393003167
587720.6484308557,4141421.3930948093
587720.6484794215,4141421.3932628348
587720.6485282996,4141421.39344229
587720.6485806329,4141421.393634954
587720.6486106943,4141421.393858721
587720.6486705067,4141421.394091398
587720.6487292306,4141421.3943324885
587720.6487687826,4141421.3946302724
587720.6488365966,4141421.3948888024
587720.6488851574,4141421.3951616315
587720.6489303784,4141421.3954310548
587720.6489732043,4141421.395695884
587720.6489949372,4141421.3960011345
587720.6490393035,4141421.3962601777
587720.6490790362,4141421.3965144274
587720.6491138382,4141421.3967617247
587720.6491165728,4141421.397018259
587720.6494944724,4141421.397868816
587720.6495248893,4141421.3980656215
587720.6495502418,4141421.3982515014
587720.6495317275,4141421.398404347
587720.6495609458,4141421.398578296
587720.6495886085,4141421.398749626
587720.6496126187,4141421.3989164573
587720.6495941681,4141421.3990394846
587720.649626084,4141421.3992012306
587720.6496589053,4141421.3993631816
587720.6496891294,4141421.39952415
587720.6496808571,4141421.3996474105
587720.6497174094,4141421.3998160493
587720.6497574849,4141421.399990135
587720.6497978072,4141421.4001683802
587720.6498070292,4141421.4003296387
587720.6498499736,4141421.4005159293
587720.6498973608,4141421.400706966
587720.6499464018,4141421.4009024138
587720.6499727763,4141421.401095397
587720.6500234221,4141421.4012952037
587720.6500792556,4141421.401498937
587720.6501393314,4141421.40170698
587720.6506725005,4141421.4025493436
587720.6507604421,4141421.402741888
587720.6508026919,4141421.4029467106
587720.6508482071,4141421.403152803
587720.6508944515,4141421.403364713
587720.6509358275,4141421.4035669705
587720.6509790652,4141421.403768644
587720.6510079439,4141421.403741843
587720.6510376703,4141421.4037205256
587720.6510591774,4141421.4036925547
587720.651080241,4141421.4036637107
587720.6511041264,4141421.403634631
587720.651126028,4141421.4036038215
587720.651144378,4141421.4035687754
587720.6511608703,4141421.403531566
587720.6511788886,4141421.403494431
587720.6511900129,4141421.4034537463
587720.6512035846,4141421.403416744
587720.6512144825,4141421.4033780964
587720.6512255936,4141421.4033382414
587720.6512245241,4141421.4032863835
587720.6512334532,4141421.4032416022
587720.6512396984,4141421.4031946217
587720.6512457423,4141421.40314709
587720.6512386155,4141421.4030885645
587720.6512470394,4141421.403045133
587720.6512522454,4141421.4030004083
587720.6512512589,4141421.4029697906
587720.6512362815,4141421.4029260916
587720.6512408331,4141421.402897344
587720.6512404912,4141421.402866464
587720.6519380996,4141421.4034960726
587720.6520084117,4141421.4034687984
587720.6520818034,4141421.4034454715
587720.6521547743,4141421.4034229713
587720.6522233357,4141421.4034009217
587720.6523165667,4141421.4033934493
587720.6523940667,4141421.403376048
587720.6524731779,4141421.403358745
587720.652550517,4141421.4033416426
587720.6526647615,4141421.403346932
587720.652753639,4141421.403338437
587720.6528438267,4141421.403331487
587720.6529708933,4141421.403346649
587720.6530591394,4141421.403336733
587720.6531522392,4141421.4033276057
587720.653248153,4141421.403319833
587720.6533433262,4141421.403311623
587720.6534855143,4141421.403326134
587720.6535848575,4141421.4033181863
587720.6536678993,4141421.403327562
587720.653750414,4141421.4033363196
587720.653882185,4141421.4033634667
587720.6539640751,4141421.4033667147
587720.6540500328,4141421.4033699175
587720.6541369508,4141421.40337302
587720.6542769403,4141421.403391913
587720.6543618593,4141421.403392371
587720.6545756503,4141421.4041888183
587720.6546580954,4141421.404233956
587720.6554260183,4141421.404816157
587720.6554937154,4141421.4048441914
587720.6555648983,4141421.4048735267
587720.6556405372,4141421.4049050524
587720.65577106,4141421.4049699497
587720.6558399264,4141421.4050000673
587720.6559112557,4141421.4050313323
587720.656041496,4141421.405103835
587720.6561111282,4141421.4051416502
587720.6561776365,4141421.405179309
587720.6562452721,4141421.4052174673
587720.6563178429,4141421.40525724
587720.6564475712,4141421.405339238
587720.6565159631,4141421.405377431
587720.6565838952,4141421.4054148234
587720.6566553587,4141421.405453445
587720.656781309,4141421.40553687
587720.6568461668,4141421.405577731
587720.6569079001,4141421.405616972
587720.6570246231,4141421.405696664
587720.6570953983,4141421.4057356534
587720.6571349719,4141421.405789338
587720.657170982,4141421.405840762
587720.6572066378,4141421.405890971
587720.6572977841,4141421.4059815384
587720.6573372089,4141421.4060354554
587720.6576907746,4141421.406702205
587720.657743188,4141421.4067306756
587720.6578573338,4141421.40679119
587720.6579177836,4141421.406820357
587720.6579759308,4141421.4068492013
587720.6580323357,4141421.4068775536
587720.6581555353,4141421.406943738
587720.6582225694,4141421.4069782933
587720.6582878391,4141421.4070127383
587720.6583491554,4141421.4070455977
587720.6584798648,4141421.4071165267
587720.6585524436,4141421.4071527347
587720.6586255442,4141421.4071903126
587720.6586957244,4141421.4072280484
587720.6588418828,4141421.4073106702
587720.6589213344,4141421.407353094
587720.6590020698,4141421.4073974346
587720.6590799219,4141421.4074420673
587720.6592364672,4141421.4075342263
587720.6593197166,4141421.4075789093
587720.6594061959,4141421.4076248184
587720.6594921957,4141421.407670921
587720.6601892186,4141421.408342523
587720.6603165882,4141421.408340431
587720.6604530881,4141421.408353448
587720.6605900306,4141421.4083678434
587720.6608275503,4141421.4084299756
587720.6609632425,4141421.408441207
587720.6611024986,4141421.4084533774
587720.6612446203,4141421.4084658697
587720.6614919336,4141421.4085230734
587720.661629348,4141421.408530504
587720.6617699022,4141421.4085378675
587720.6619151442,4141421.4085472217
587720.6621704301,4141421.408600706
587720.6623110452,4141421.4086054885
587720.6624535527,4141421.4086089157
587720.6626001924,4141421.4086127705
587720.662859331,4141421.4086534297
587720.6630009621,4141421.408652607
587720.6631425252,4141421.408652042
587720.663288323,4141421.408652229
587720.663546082,4141421.4086904577
587720.6636861077,4141421.408690252
587720.6638254718,4141421.408688946
587720.6639669569,4141421.4086878663
587720.6642164339,4141421.408724115
587720.66435272,4141421.4087236216
587720.6644859005,4141421.4087222954
587720.6646197995,4141421.408721605
587720.6648470182,4141421.408777818
587720.6649691815,4141421.4087971235
587720.6650878086,4141421.408815871
587720.6652063868,4141421.4088326264
587720.6662356667,4141421.40941562
587720.666416689,4141421.409404
587720.666594463,4141421.409391842
587720.6668969104,4141421.409415148
587720.6670811572,4141421.409409988
587720.6672669641,4141421.4094063635
587720.6674501292,4141421.409402352
587720.6676291149,4141421.4093974526
587720.6679348554,4141421.4094324545
587720.6681197053,4141421.4094307614
587720.6683039961,4141421.4094287
587720.6684848319,4141421.4094258314
587720.6687959143,4141421.4094655127
587720.6689855426,4141421.4094672604
587720.6691754953,4141421.409470055
587720.6693623734,4141421.4094714327
587720.6696848874,4141421.4095161716
587720.6698798105,4141421.4095195653
587720.6700575538,4141421.409543108
587720.6702345045,4141421.409565993
587720.6695866884,4141421.410026174
587720.6693956571,4141421.4099439015
587720.6692072037,4141421.4098638245
587720.6690177037,4141421.409784324
587720.6688736005,4141421.409727695
587720.6686848309,4141421.4096464263
587720.6685002454,4141421.409565989
587720.6683646911,4141421.4095093007
587720.6681719437,4141421.4094272507
587720.6685934811,4141421.4099342017
587720.6684116366,4141421.4098400217
587720.6682313402,4141421.4097480928
587720.6680967248,4141421.4096817835
587720.667907596,4141421.409588191
587720.6677216653,4141421.409492631
587720.6675393432,4141421.4093969744
587720.6674037344,4141421.4093216876
587720.6672124316,4141421.40922455
587720.6670208754,4141421.4091272955
587720.6668791858,4141421.4090525005
587720.6666898604,4141421.4089576793
587720.66649623,4141421.4088615165
587720.6663004159,4141421.408763158
587720.6661066236,4141421.4086633287
587720.6659539456,4141421.408581168
587720.6657559859,4141421.408481481
587720.6655562174,4141421.4083807636
587720.6653573177,4141421.408280733
587720.6651961295,4141421.4082015892
587720.6649946943,4141421.4081045403
587720.6647538417,4141421.40802934
587720.664512363,4141421.407952651
587720.6643085629,4141421.4078929145
587720.6640726029,4141421.4078169395
587720.6638340014,4141421.4077407448
587720.6640493802,4141421.4083150364
587720.6638972055,4141421.4082447705
587720.6637002953,4141421.408157915
587720.6635009914,4141421.4080704143
587720.6632982837,4141421.4079810935
587720.6631481403,4141421.4079093174
587720.6629542963,4141421.4078212623
587720.662759961,4141421.407733247
587720.662618071,4141421.4076627386
587720.6624254023,4141421.407574054
587720.6622365271,4141421.4074871903
587720.6620487466,4141421.407401785
587720.661858625,4141421.4073158684
587720.6617297762,4141421.4072483284
587720.6615461791,4141421.407160852
587720.6616400001,4141421.407155086
587720.6617329665,4141421.407149208
587720.6618928256,4141421.407162213
587720.6619896165,4141421.4071560586
587720.6620902425,4141421.4071511687
587720.6626191537,4141421.407799647
587720.6628363435,4141421.407801567
587720.662971133,4141421.407782355
587720.6631097276,4141421.4077636315
587720.6632474205,4141421.407757412
587720.6634704127,4141421.407766894
587720.6636038319,4141421.4077582946
587720.6637403572,4141421.40775068
587720.663879508,4141421.4077441655
587720.6641050185,4141421.407752098
587720.6642380855,4141421.4077407857
587720.6643735021,4141421.407729168
587720.6645128187,4141421.4077184624
587720.6647393376,4141421.407721282
587720.6648710099,4141421.40770941
587720.6650035322,4141421.4076980795
587720.6651396699,4141421.4076885586
587720.6653592562,4141421.4076938634
587720.6654859341,4141421.4076819536
587720.6656116603,4141421.4076690953
587720.665740611,4141421.407657128
587720.665948957,4141421.407659325
587720.6660703341,4141421.4076473904
587720.6661890036,4141421.4076351146
587720.6668882326,4141421.408285372
587720.6671427963,4141421.4082796723
587720.6673046935,4141421.4082568893
587720.6674630055,4141421.408231766
587720.6676219972,4141421.408205395
587720.6678683183,4141421.408190122
587720.6680055346,4141421.408178263
587720.668139864,4141421.408164889
587720.6682738311,4141421.408150642
587720.6684958582,4141421.408145047
587720.6686343423,4141421.408130201
587720.6687685008,4141421.4081127355
587720.6688995205,4141421.4080926655
587720.6691162975,4141421.408077311
587720.6692555728,4141421.408060665
587720.6693922923,4141421.408043365
587720.6696149445,4141421.4080295055
587720.6697589969,4141421.408012136
587720.6699062014,4141421.4079961157
587720.669373559,4141421.4084361843
587720.6691611386,4141421.40832589
587720.6689471212,4141421.4081989275
587720.668744662,4141421.4080902636
587720.6685430626,4141421.4079824747
587720.6683382312,4141421.4078743258
587720.6681379073,4141421.4077523323
587720.6679179514,4141421.407657306
587720.6676997066,4141421.407563809
587720.6674824711,4141421.4074563626
587720.6672560527,4141421.4073589332
587720.6670331856,4141421.4072621465
587720.6668140277,4141421.407167257
587720.6670966691,4141421.407758876
587720.6668926543,4141421.4076420227
587720.6666799098,4141421.407535571
587720.6664710628,4141421.4074306716
587720.6662626982,4141421.407327219
587720.6660632795,4141421.4072099393
587720.6658491251,4141421.4071013667
587720.6656385831,4141421.4069927637
587720.6654306196,4141421.4068850013
587720.6652332371,4141421.4067612546
587720.6650183788,4141421.4066504543
587720.6648063959,4141421.4065392436
587720.6645979409,4141421.4064287674
587720.6643992978,4141421.4062996157
587720.6641813251,4141421.4061855976
587720.6639635863,4141421.4060705346
587720.6637493566,4141421.405955845
587720.6635430743,4141421.405819694
587720.6632920242,4141421.4057143773
587720.6630399843,4141421.4056078945
587720.6627969893,4141421.405480506
587720.6625487034,4141421.4053774476
587720.6622971344,4141421.405273497
587720.6620430541,4141421.405167883
587720.6617906569,4141421.4050613334
587720.661544569,4141421.4049319085
587720.6615609071,4141421.4054857623
587720.661321948,4141421.4053688315
587720.6610825977,4141421.4052512012
587720.6608487581,4141421.405110836
587720.6606127978,4141421.4049963313
587720.6603728249,4141421.404881373
587720.6601347947,4141421.404743977
587720.6599015656,4141421.4046307886
587720.6596688195,4141421.404518364
587720.659433306,4141421.404405271
587720.6591942174,4141421.4042905867
587720.6592176234,4141421.4042259236
587720.6592430887,4141421.404185378
587720.6592668066,4141421.4041452412
587720.6592868266,4141421.4041040647
587720.6593114188,4141421.4040409583
587720.6593386459,4141421.403999479
587720.6593656105,4141421.403957686
587720.659394148,4141421.403891356
587720.659418569,4141421.4038471244
587720.6594456529,4141421.4038040484
587720.65947422,4141421.4037612556
587720.6599112069,4141421.4043738865
587720.6599949636,4141421.404300496
587720.6600618656,4141421.4042612757
587720.6601315772,4141421.4042230076
587720.6602010851,4141421.4041852546
587720.6602990022,4141421.4041248825
587720.6603696976,4141421.4040868436
587720.660443239,4141421.4040518505
587720.6605444468,4141421.4040004145
587720.6606091372,4141421.403965084
587720.6606741787,4141421.403928694
587720.6607425874,4141421.4038926917
587720.6608122911,4141421.4038570975
587720.660908268,4141421.403800495
587720.6609751517,4141421.4037641007
587720.661045422,4141421.403728377
587720.6611191687,4141421.4036931214
587720.6612206365,4141421.403632379
587720.6612868655,4141421.4035899257
587720.661355548,4141421.4035471557
587720.6614281466,4141421.403504582
587720.6615270389,4141421.403433706
587720.6615894764,4141421.4033877663
587720.6616514302,4141421.4033404943
587720.661716,4141421.403294795
587720.6617998516,4141421.4032183597
587720.661854613,4141421.403168709
587720.6619073343,4141421.403116259
587720.6619454728,4141421.403071903
587720.6619977382,4141421.402991277
587720.6620300823,4141421.4029478016
587720.662059386,4141421.4029034995
587720.6620895262,4141421.4028590918
587720.6621253632,4141421.4027804625
587720.6621502934,4141421.4027383467
587720.6628868298,4141421.4033980086
587720.6629589975,4141421.403349097
587720.6630492604,4141421.403270731
587720.6631217075,4141421.403228005
587720.6627365684,4141421.404182468
587720.6625702142,4141421.4043044667
587720.6623542774,4141421.404446827
587720.6621914599,4141421.404575146
587720.6620249508,4141421.4047030867
587720.6618541981,4141421.4048290052
587720.6616316539,4141421.40497289
587720.6614690543,4141421.4050997607
587720.6613036362,4141421.4052267536
587720.6610798229,4141421.4053720483
587720.6609148671,4141421.405498777
587720.6607315259,4141421.405633494
587720.6605477436,4141421.4057681877
587720.6603618475,4141421.405900668
587720.6601335739,4141421.4060450452
587720.6599594792,4141421.4061726728
587720.6597863011,4141421.406301592
587720.6596105429,4141421.406430663
587720.6593925379,4141421.406574192
587720.6592195795,4141421.406703202
587720.6590495564,4141421.4068336175
587720.6592003846,4141421.407553537
587720.6590372088,4141421.4076625993
587720.6588753837,4141421.4077699906
587720.6587180627,4141421.4078767085
587720.6585613155,4141421.4079841054
587720.6583665378,4141421.4081001054
587720.6582050762,4141421.408208036
587720.6580473825,4141421.4083170155
587720.6578930544,4141421.408426286
587720.6577035219,4141421.4085407373
587720.6575423134,4141421.408644305
587720.6573833973,4141421.4087476693
587720.6571895041,4141421.408857937
587720.6570247362,4141421.4089633534
587720.6568572343,4141421.4090681453
587720.6566905177,4141421.409173005
587720.6565262406,4141421.409279705
587720.6563150242,4141421.409395037
587720.6561391164,4141421.4095006487
587720.6559617551,4141421.4096050723
587720.6557869589,4141421.4097101116
587720.655559267,4141421.409822072
587720.6553762958,4141421.40992695
587720.6551910294,4141421.41003124
587720.6550087823,4141421.410135371
587720.6549764944,4141421.4108077427
587720.6547793981,4141421.4108947343
587720.6545784613,4141421.4109796933
587720.6543782218,4141421.4110636446
587720.6542917375,4141421.4110250757
587720.6542601415,4141421.4109888244
587720.654224513,4141421.4109512246
587720.6541879908,4141421.4109133855
587720.6540915681,4141421.4108738094
587720.6540574534,4141421.410837881
587720.6540194481,4141421.410800596
587720.6539213323,4141421.410759481
587720.6538940638,4141421.4107237323
587720.6538675687,4141421.410688311
587720.6538376127,4141421.4106517895
587720.6538051149,4141421.410613929
587720.653721967,4141421.4105750043
587720.6537000543,4141421.4105411093
587720.6536750278,4141421.4105065097
587720.6536454868,4141421.410469932
587720.6535638587,4141421.4104312463
587720.6535430915,4141421.4103971976
587720.6535208685,4141421.4103632523
587720.653444558,4141421.4103292106
587720.6534242766,4141421.4102971437
587720.6533985282,4141421.41028237
587720.6538848275,4141421.410790681
587720.6538947409,4141421.4107529405
587720.6538695628,4141421.410711333
587720.6538871906,4141421.410671935
587720.6539057108,4141421.410633755
587720.6539207331,4141421.410595207
587720.653906113,4141421.410553727
587720.6539296252,4141421.4105140986
587720.6539562404,4141421.4104749146
587720.653979863,4141421.410434419
587720.6539732317,4141421.410385105
587720.6539960431,4141421.410340151
587720.6540231433,4141421.4102963894
587720.6540510994,4141421.4102536757
587720.6540540875,4141421.410202507
587720.654080157,4141421.410156303
587720.6541106591,4141421.4101115437
587720.6541426381,4141421.4100680943
587720.6541498841,4141421.410015887
587720.6541744627,4141421.409968651
587720.6542030156,4141421.4099218613
587720.6542354253,4141421.40987664
587720.6542454421,4141421.409823919
587720.6542694577,4141421.4097771044
587720.6542768022,4141421.4097487256
587720.6542884144,4141421.4097220353
587720.6543085686,4141421.410361677
587720.654309701,4141421.410350985
587720.6543118646,4141421.4103390286
587720.6547716626,4141421.4108523508
587720.6547543586,4141421.410820041
587720.6547526023,4141421.410790877
587720.6547488834,4141421.410760343
587720.6547477996,4141421.410729354
587720.6547162283,4141421.410690328
587720.6547082023,4141421.4106592853
587720.6546972467,4141421.4106262983
587720.654687598,4141421.410591544
587720.6546423641,4141421.4105426846
587720.6546297108,4141421.410506893
587720.654613587,4141421.4104702906
587720.6545975258,4141421.410433279
587720.6545415232,4141421.410383372
587720.6545246209,4141421.4103481914
587720.6545023301,4141421.410312126
587720.6544774107,4141421.410274628
587720.6544064889,4141421.410222814
587720.6543861213,4141421.4101873757
587720.6543614019,4141421.4101518444
587720.6543329954,4141421.4101155223
587720.654224577,4141421.4100887687
587720.6541718086,4141421.410077372
587720.6541157613,4141421.4100664104
587720.654055468,4141421.410054907
587720.6541770658,4141421.4106178884
587720.6541450855,4141421.4105914193
587720.654114064,4141421.410564578
587720.6540815111,4141421.410537954
587720.653997273,4141421.4105005646
587720.6539657025,4141421.4104698063
587720.6539390424,4141421.410440237
587720.6538657655,4141421.4103926527
587720.653834156,4141421.4103512727
587720.6538061255,4141421.410308311
587720.653782347,4141421.410267465
587720.6537589072,4141421.4102273737
587720.6536999167,4141421.4101656484
587720.6536826495,4141421.410129405
587720.6536699348,4141421.4101026696
587720.6536603029,4141421.4100894365
587720.6536399786,4141421.4101383495
587720.6536469088,4141421.410183445
587720.6536602863,4141421.410245665
587720.6536716451,4141421.410424715
587720.6536821193,4141421.410522339
587720.6536975879,4141421.4106360506
587720.6540586593,4141421.411330849
587720.6541153879,4141421.411457159
587720.6541989284,4141421.4118104386
587720.6542626283,4141421.412002774
587720.654333287,4141421.412213051
587720.6544090271,4141421.4124412336
587720.6545311323,4141421.412979288
587720.6546136396,4141421.413256928
587720.6547028959,4141421.4135551103
587720.6548601049,4141421.4142567255
587720.6549595504,4141421.41462867
587720.6550624291,4141421.4150272547
587720.6551727576,4141421.415453439
587720.6552905183,4141421.4159058738
587720.6555036118,4141421.416922031
587720.6556343059,4141421.4174549324
587720.6557731507,4141421.4180181576
587720.6559215097,4141421.418612453
587720.6561996586,4141421.419927838
587720.6563628792,4141421.420617116
587720.6565341565,4141421.421339005
587720.6568601019,4141421.4229065306
587720.65704708,4141421.4237189856
587720.6572395314,4141421.4245617483
587720.6580096283,4141421.4260004265
587720.6582648574,4141421.4268865488
587720.6587273801,4141421.428801361
587720.6590003759,4141421.429781382
587720.6592642986,4141421.4308089665
587720.6595360829,4141421.431866736
587720.6600482584,4141421.434108372
587720.6603391666,4141421.435260099
587720.6606370816,4141421.4364427975
587720.6609427417,4141421.4376573204
587720.6615231192,4141421.4402186875
587720.6618481879,4141421.4415332996
587720.6621799412,4141421.442881454
587720.6625213246,4141421.4442648655
587720.6631749871,4141421.4471662636
587720.6635367833,4141421.448650196
587720.6639064776,4141421.4501702664
587720.6642861108,4141421.4517249335
587720.6650164385,4141421.4549706387
587720.6654174759,4141421.456629621
587720.6658277966,4141421.4583238615
587720.6666218428,4141421.4618475176
587720.6670552986,4141421.463642743
587720.6674960264,4141421.465471966
587720.6679443641,4141421.467334535
587720.6684004857,4141421.469231258
587720.6692653868,4141421.4731774502
587720.6697256711,4141421.475194009
587720.6699315318,4141421.4780548043
587720.670261376,4141421.4802192133
587720.6710168351,4141421.4846132197
587720.6720718946,4141421.4873788985
587720.6724330224,4141421.489664755
587720.6732505956,4141421.4943143255
587720.6736350599,4141421.496704071
587720.6740256523,4141421.4991258704
587720.6744227309,4141421.5015844586
587720.6748271624,4141421.504078992
587720.6757286541,4141421.509147408
587720.6761527368,4141421.5117491647
587720.6765849872,4141421.514387739
587720.6770258297,4141421.517064564
587720.6780031649,4141421.5225012572
587720.6784674615,4141421.5252892077
587720.6789398575,4141421.528112761
587720.6794194416,4141421.530976167
587720.680474169,4141421.536793857
587720.6809766666,4141421.539771605
587720.681486482,4141421.542790352
587720.682002556,4141421.5458461023
587720.6830997318,4141421.5520632737
587720.6836070989,4141421.555247865
587720.6841216494,4141421.5584714487
587720.6846451672,4141421.561734637
587720.68582268,4141421.568329194
587720.6866746165,4141421.5722946934
587720.6872604105,4141421.5756975706
587720.6878575723,4141421.579141559
587720.6891631372,4141421.5861298405
587720.6897854925,4141421.5897069317
587720.6904183321,4141421.593329698
587720.6910611552,4141421.596996721
587720.6924657428,4141421.6044541383
587720.6931424601,4141421.608271039
587720.6938291235,4141421.6121400357
587720.6945251445,4141421.6160618523
587720.6960409976,4141421.624052733
587720.6967746003,4141421.628147016
587720.6975193497,4141421.6323032253
587720.6982780606,4141421.636522866
587720.6999193435,4141421.6451297235
587720.700717068,4141421.649550558
587720.7015301064,4141421.654040503
587720.7032837024,4141421.6632045414
587720.7041409423,4141421.6679156353
587720.7050131822,4141421.672694852
587720.7059007239,4141421.67755245
587720.7071983519,4141421.683090094
587720.7092866363,4141421.6931033297
587720.7103768793,4141421.6982115037
587720.711484349,4141421.703397905
587720.7126087922,4141421.708678033
587720.714871602,4141421.719519548
587720.7160553457,4141421.725048482
587720.71725879,4141421.73065936
587720.7196840288,4141421.7421656344
587720.7209511909,4141421.7480333247
587720.7222396316,4141421.753988173
587720.7235488027,4141421.760032181
587720.7248781512,4141421.766165477
587720.7275514472,4141421.778733469
587720.7289387225,4141421.785136989
587720.730347219,4141421.791644252
587720.7317763872,4141421.7982484237
587720.7346516448,4141421.81178079
587720.7361455364,4141421.8186883517
587720.7376623368,4141421.8256939896
587720.7407225536,4141421.840050708
587720.7423112927,4141421.847375788
587720.743924981,4141421.8548096386
587720.7455647383,4141421.862353721
587720.7479010142,4141421.8706527255
587720.7513402617,4141421.88632581
587720.7531414687,4141421.894317838
587720.7549692412,4141421.9024281446
587720.75680553,4141421.9106779257
587720.7605048784,4141421.927584904
587720.7624334445,4141421.936221442
587720.7643940467,4141421.9449907383
587720.7683465899,4141421.962959542
587720.7704036894,4141421.972145372
587720.7724935907,4141421.98147873
587720.7746141981,4141421.990954626
587720.7767691292,4141422.000591798
587720.7811049055,4141422.0203280197
587720.7833530556,4141422.030417455
587720.7856324812,4141422.0406532907
587720.7879492787,4141422.051054786
587720.7926178579,4141422.0723192724
587720.7950317572,4141422.083162905
587720.7974779159,4141422.09416348
587720.8023960819,4141422.116634428
587720.8049307361,4141422.1280811573
587720.8074932052,4141422.1396765956
587720.8100838994,4141422.1514187763
587720.812706111,4141422.163321863
587720.8179726833,4141422.187618821
587720.8206563261,4141422.2000079863
587720.8233697704,4141422.2125623324
587720.8267754337,4141422.226290403
587720.8326308682,4141422.252407408
587720.8363985366,4141422.2663955274
587720.8395147276,4141422.2798940577
587720.8426647058,4141422.293543206
587720.8488505203,4141422.3212036546
587720.8521053544,4141422.335294023
587720.855394748,4141422.3495341507
587720.85871405,4141422.363910225
587720.8652250158,4141422.3929819497
587720.8686349903,4141422.4077515397
587720.8720727111,4141422.42264104
587720.875539777,4141422.4376557833
587720.8823446415,4141422.467928492
587720.8859064019,4141422.483275928
587720.8895016637,4141422.4987251274
587720.8931305562,4141422.514275569
587720.9002590859,4141422.545582973
587720.9039759808,4141422.5614225776
587720.907723798,4141422.5773669914
587720.9117315894,4141422.594043486
587720.9191527686,4141422.6263382593
587720.9229729975,4141422.642708339
587720.9268143548,4141422.65918885
587720.9306788896,4141422.6757977973
587720.9382797393,4141422.7093481827
587720.9421949985,4141422.7263688035
587720.9461261405,4141422.74353547
587720.9500741224,4141422.760857219
587720.9578350892,4141422.795871014
587720.9618344789,4141422.81365295
587720.9658530026,4141422.831595346
587720.9698903799,4141422.8497053958
587720.9778424781,4141422.8863024423
587720.9819473558,4141422.9048797097
587720.9860745003,4141422.923600923
587720.9902272784,4141422.9424831783
587720.9984348741,4141422.980614231
587721.0026788841,4141422.999951626
587721.0069528767,4141423.0194315957
587721.0154045359,4141423.058747178
587721.0197659433,4141423.0786640877
587721.0244645965,4141423.099432391
587721.0289050683,4141423.119623481
587721.0333717499,4141423.139940933
587721.0421965756,4141423.180941508
587721.0467510212,4141423.201680892
587721.0513390584,4141423.2225520145
587721.0559607376,4141423.243549864
587721.0651053127,4141423.2858371898
587721.069640986,4141423.307088743
587721.0742117914,4141423.3284589658
587721.0788192528,4141423.3499502363
587721.088107495,4141423.393314318
587721.0928009482,4141423.4151527565
587721.0975173097,4141423.437093612
587721.1069943357,4141423.4812915633
587721.1117658835,4141423.5035058344
587721.1165510649,4141423.525809152
587721.1213518353,4141423.5482091666
587721.1261653809,4141423.5707021286
587721.1357991121,4141423.6159987054
587721.1406332847,4141423.6387695195
587721.1454759437,4141423.661640672
587721.1503262852,4141423.6846033814
587721.1600446713,4141423.730828785
587721.1649344233,4141423.754073798
587721.169839486,4141423.7774121966
587721.1796898701,4141423.8244140255
587721.1846561608,4141423.848050292
587721.1896456598,4141423.871806702
587721.1946616464,4141423.8956699227
587721.1997004793,4141423.9196292385
587721.2104853871,4141423.968534551
587721.2156511752,4141423.9928124226
587721.2208406073,4141424.017192351
587721.2260509607,4141424.0416792696
587721.2364915725,4141424.0910251373
587721.2417588857,4141424.1158414674
587721.2470406907,4141424.1407845286
587721.25757572,4141424.190984409
587721.262873987,4141424.2162298528
587721.2681730082,4141424.2415729756
587721.2734691617,4141424.267020314
587721.2787592231,4141424.292548667
587721.2893130531,4141424.343931754
587721.2946222548,4141424.3697474254
587721.2999382999,4141424.3956402107
587721.3052631088,4141424.421609535
587721.315903726,4141424.473797229
587721.3212657782,4141424.499977193
587721.3266491084,4141424.526224194
587721.337419927,4141424.578893966
587721.3428553647,4141424.605302202
587721.3483108004,4141424.6317428933
587721.3537916896,4141424.6582531612
587721.3592905739,4141424.684823194
587721.3712193678,4141424.739240959
587721.3766369107,4141424.7657820885
587721.3820577924,4141424.792351775
587721.3874791688,4141424.818966502
587721.398359671,4141424.8724799035
587721.4037607801,4141424.89922979
587721.4091545116,4141424.926010765
587721.419971066,4141424.9797957875
587721.4253332592,4141425.0066517484
587721.4306811076,4141425.033540935
587721.436019805,4141425.0604812196
587721.4413460509,4141425.0874612075
587721.451993461,4141425.1416922775
587721.4572506993,4141425.1687677978
587721.4624911393,4141425.1958837174
587721.4677098267,4141425.223024403
587721.4781427328,4141425.2775778747
587721.4833028673,4141425.3048401023
587721.4884594213,4141425.332151576
587721.4988509449,4141425.3870408
587721.5040251364,4141425.4144426156
587721.5092044338,4141425.44187926
587721.5143903837,4141425.4693490495
587721.5199809518,4141425.497639207
587721.5305145833,4141425.5528516844
587721.5357874503,4141425.580375007
587721.5410529971,4141425.607947717
587721.5463333823,4141425.6355150174
587721.5570044551,4141425.690889114
587721.562305932,4141425.718560895
587721.5676062193,4141425.746255446
587721.5729032749,4141425.773976776
587721.5835304137,4141425.8296090905
587721.5887749292,4141425.857387691
587721.5939976084,4141425.8851936553
587721.5991991449,4141425.9130419907
587721.6096081192,4141425.9689569916
587721.6147332981,4141425.996869995
587721.6198315728,4141426.024814979
587721.6249023565,4141426.0527762044
587721.6350662626,4141426.1089094426
587721.6400847798,4141426.136927833
587721.645097285,4141426.1649812753
587721.6552016054,4141426.2213113615
587721.6602267153,4141426.249458979
587721.6656632579,4141426.278197718
587721.6707605976,4141426.306383467
587721.6758755007,4141426.3345862646
587721.6862259976,4141426.39121206
587721.6913991726,4141426.419478104
587721.6966832713,4141426.447912341
587721.7019882735,4141426.4763740925
587721.71260732,4141426.533381049
587721.7179422593,4141426.56192587
587721.7232712179,4141426.5904738624
587721.7285935525,4141426.619074658
587721.7391456668,4141426.676398886
587721.7443962011,4141426.705110892
587721.7496141596,4141426.7338515595
587721.7548039278,4141426.7626357917
587721.765090383,4141426.8203127217
587721.7702177365,4141426.849194928
587721.7753269514,4141426.878120766
587721.7804186689,4141426.9070665324
587721.7905473938,4141426.9650869877
587721.7956117975,4141426.994134101
587721.8006713224,4141427.023211096
587721.8057293824,4141427.05231967
587721.8158075229,4141427.110669747
587721.820853679,4141427.1399030117
587721.825894135,4141427.1691738013
587721.8359282492,4141427.2278754725
587721.8409450364,4141427.257277684
587721.845939896,4141427.28673137
587721.8509194858,4141427.316214782
587721.8562760022,4141427.346321884
587721.8662086803,4141427.405462525
587721.8711874925,4141427.4350710874
587721.8761688875,4141427.464723776
587721.8811531459,4141427.4944016226
587721.8910839921,4141427.5538317007
587721.8960736247,4141427.583550969
587721.9010691172,4141427.613295906
587721.9110571522,4141427.6729235034
587721.9160903062,4141427.7027940913
587721.9211213053,4141427.7327075154
587721.9261537052,4141427.7626641765
587721.9311959366,4141427.7926937044
587721.9412637604,4141427.8529191324
587721.9463326307,4141427.8831081116
587721.9514022812,4141427.913359104
587721.9564669344,4141427.9436724433
587721.966520962,4141428.0044809747
587721.9715506086,4141428.0349524547
587721.976566064,4141428.065489439
587721.986445189,4141428.126728409
587721.9913458362,4141428.1574030486
587721.9962212144,4141428.1881301976
587722.0010733396,4141428.218905946
587722.005910614,4141428.249729833
587722.0155314741,4141428.3114738725
587722.0203453966,4141428.3423861973
587722.0248540317,4141428.3741656463
587722.0294661913,4141428.4052322838
587722.0387509204,4141428.467420557
587722.0438597996,4141428.49884971
587722.0484355685,4141428.530032419
587722.0530003541,4141428.561238313
587722.06220609,4141428.6236836696
587722.0667483439,4141428.65497709
587722.0712892788,4141428.6863070605
587722.0758233025,4141428.7176638204
587722.0849818971,4141428.7804278415
587722.0894993177,4141428.811852692
587722.0940073688,4141428.8433123827
587722.0985041435,4141428.8747880217
587722.1075755378,4141428.9378214544
587722.1120408045,4141428.969405183
587722.1164913762,4141429.001024805
587722.1254781567,4141429.064320226
587722.1299245865,4141429.0960664884
587722.1343776542,4141429.127841323
587722.1388315504,4141429.159659205
587722.1432787578,4141429.1915253424
587722.1522374088,4141429.255294175
587722.1566250371,4141429.2872728053
587722.1610117666,4141429.319288065
587722.1653937928,4141429.35132895
587722.1742526597,4141429.415484363
587722.178597677,4141429.4476589896
587722.1830915569,4141429.48026583
587722.1918749304,4141429.544696278
587722.1961880792,4141429.576984595
587722.200492239,4141429.609317396
587722.2047932412,4141429.641714055
587722.209079931,4141429.6741280127
587722.2177388226,4141429.7390374676
587722.2219938966,4141429.771568033
587722.2262462106,4141429.804154225
587722.2304920893,4141429.836774626
587722.2390775942,4141429.902109573
587722.2432949344,4141429.934833215
587722.2475053156,4141429.967600608
587722.2560034579,4141430.03320283
587722.260172419,4141430.0661009476
587722.2643245206,4141430.0990195717
587722.2684556067,4141430.13197938
587722.2725628902,4141430.164973874
587722.2808050998,4141430.231060722
587722.2848111703,4141430.2641846896
587722.2887807993,4141430.2973732394
587722.2927171293,4141430.3306125486
587722.3007747402,4141430.3970841486
587722.3047772036,4141430.4303357224
587722.3089581385,4141430.4637827245
587722.3168958751,4141430.530495967
587722.3208648708,4141430.563916523
587722.324816079,4141430.5973689514
587722.3287488503,4141430.6308788317
587722.3326630372,4141430.664438121
587722.3404283389,4141430.731781048
587722.3443024625,4141430.7654904546
587722.3481601246,4141430.799233062
587722.3520074937,4141430.833015897
587722.3596783959,4141430.9007532992
587722.3635343881,4141430.9346799958
587722.3673979042,4141430.968666441
587722.3712650496,4141431.0027043493
587722.3789913396,4141431.0709510753
587722.3828785329,4141431.105132766
587722.386766839,4141431.13935963
587722.3906500193,4141431.173647996
587722.398366123,4141431.242399407
587722.4022274531,4141431.2768194987
587722.4060764781,4141431.31127007
587722.4099146889,4141431.3457491645
587722.4175579576,4141431.4149890584
587722.4213680569,4141431.449671079
587722.425134095,4141431.4844334624
587722.4288506629,4141431.5192603543
587722.4361057944,4141431.5891692443
587722.43966796,4141431.6241885014
587722.4431805345,4141431.6592719876
587722.4466329549,4141431.6944440566
587722.4533850674,4141431.7647694964
587722.4566950068,4141431.800047856
587722.4599735617,4141431.8353936584
587722.4632289706,4141431.870784744
587722.4697160904,4141431.9418476042
587722.4729870672,4141431.977409986
587722.4762691923,4141432.0130285616
587722.4795591998,4141432.04869398
587722.4861584217,4141432.1202856465
587722.4894946634,4141432.1561191524
587722.4928408432,4141432.192052653
587722.499464464,4141432.2641830295
587722.5027559777,4141432.3003072487
587722.5060259583,4141432.336505183
587722.509272743,4141432.372788283
587722.5124917125,4141432.409136889
587722.518816371,4141432.482133156
587722.521947593,4141432.518694643
587722.5254194937,4141432.5562114697
587722.5286306373,4141432.5930715827
587722.5348460999,4141432.6670532175
587722.5379862203,4141432.7041671774
587722.5411240264,4141432.7413689094
587722.5472673429,4141432.8159484942
587722.5503760091,4141432.853383919
587722.5534651489,4141432.8909041686
587722.5565368827,4141432.928518546
587722.5595872585,4141432.9661942674
587722.5654964278,4141433.0418000952
587722.5684680904,4141433.079756634
587722.5715560105,4141433.117996893
587722.5744799925,4141433.1561051635
587722.5801442957,4141433.232519828
587722.5830008308,4141433.270853863
587722.5858328603,4141433.309292875
587722.5912407131,4141433.3863769947
587722.593917443,4141433.425070182
587722.5965465908,4141433.4638369917
587722.5991404422,4141433.5026967577
587722.6016977859,4141433.5416241917
587722.6065421907,4141433.619753022
587722.6089334703,4141433.658976418
587722.6112741027,4141433.6982931853
587722.6135656973,4141433.73770271
587722.6178660535,4141433.8167726523
587722.6199925013,4141433.8564399616
587722.6220918045,4141433.896201738
587722.6261525702,4141433.9759542
587722.628229415,4141434.0159764476
587722.6302939472,4141434.05605388
587722.6323435218,4141434.096265209
587722.6343928368,4141434.1365143037
587722.6384016396,4141434.2172768926
587722.6404377464,4141434.257822711
587722.6424325459,4141434.298453185
587722.6443960809,4141434.3391604708
587722.648238931,4141434.4207648877
587722.6502052865,4141434.461714517
587722.6521099522,4141434.5027752123
587722.655607861,4141434.5851047793
587722.657302339,4141434.626431017
587722.6589222013,4141434.667806622
587722.6605234777,4141434.709227286
587722.6619939181,4141434.7507006777
587722.6646856323,4141434.833911793
587722.6660222452,4141434.8756871144
587722.6673371918,4141434.91752419
587722.6686387594,4141434.959459397
587722.6710513976,4141435.0434338558
587722.6722671011,4141435.085497913
587722.6734808617,4141435.127656803
587722.6759359377,4141435.2122799717
587722.6771909924,4141435.254678662
587722.6784533049,4141435.297205658
587722.6796911012,4141435.339811019
587722.6808842189,4141435.3825488323
587722.6831145994,4141435.468260976
587722.6841531594,4141435.511194819
587722.6851343758,4141435.554220019
587722.6860532545,4141435.597324719
587722.6876806807,4141435.683927074
587722.6883965783,4141435.727361319
587722.6890731208,4141435.770919657
587722.6903110661,4141435.8583027823
587722.6908656352,4141435.9020812265
587722.6913695761,4141435.9459267794
587722.6918194039,4141435.9898411
587722.6922258902,4141436.0338007202
587722.692909623,4141436.122101314
587722.6931821188,4141436.1663402487
587722.6934035473,4141436.2106801476
587722.6935806955,4141436.255055494
587722.6939533467,4141436.343969436
587722.6939914714,4141436.3884540154
587722.6939815129,4141436.4330301112
587722.693930533,4141436.4776780307
587722.6937100415,4141436.567259849
587722.6935596985,4141436.6120874803
587722.6933846179,4141436.6569579863
587722.693170462,4141436.7019114196
587722.692528792,4141436.7921761316
587722.6920992433,4141436.837405912
587722.6915999773,4141436.882686515
587722.6910164829,4141436.928019859
587722.6895697613,4141437.0189651293
587722.6887237666,4141437.0645002765
587722.6878128783,4141437.110112585
587722.6868549768,4141437.1557863755
587722.6848030424,4141437.2473526113
587722.6837136963,4141437.2931411094
587722.682575204,4141437.338974431
587722.6813989667,4141437.3848348176
587722.6789573304,4141437.4768128335
587722.6777120358,4141437.5228446107
587722.6764504893,4141437.5689020925
587722.6751708053,4141437.615023474
587722.6725043631,4141437.7074601413
587722.6711317394,4141437.7537041805
587722.6701812982,4141437.8008899805
587722.6689425035,4141437.8473875453
587722.6662702032,4141437.9404431116
587722.6649457728,4141437.987060655
587722.6635862729,4141438.033701827
587722.6606659262,4141438.1271233717
587722.6592227945,4141438.173892914
587722.6581826169,4141438.220577529
587722.656618996,4141438.267396433
587722.6549733958,4141438.3142844187
587722.651223147,4141438.4081696207
587722.6492126173,4141438.455232789
587722.6471083653,4141438.5023313123
587722.6449268697,4141438.5494886455
587722.6401750043,4141438.64394079
587722.637706839,4141438.6913052634
587722.6351535255,4141438.738676089
587722.6297068452,4141438.8335201726
587722.6269305003,4141438.880972895
587722.6240808872,4141438.928470415
587722.6211710218,4141438.975948899
587722.618203547,4141439.0234628664
587722.6119610467,4141439.118519004
587722.6087990887,4141439.1660800707
587722.6055636383,4141439.213666148
587722.6022605712,4141439.261262613
587722.5953472508,4141439.3563057864
587722.5918273369,4141439.4038482606
587722.5882187781,4141439.4513642783
587722.5806486118,4141439.5463391254
587722.5768051181,4141439.593823724
587722.5728967186,4141439.6413290272
587722.5689463392,4141439.6887968522
587722.5649626906,4141439.736271283
587722.5567023436,4141439.8311758707
587722.5525129813,4141439.8788430956
587722.5482021414,4141439.926200267
587722.5438142987,4141439.973553289
587722.534717298,4141440.068258494
587722.5301019715,4141440.115685737
587722.5253931166,4141440.1631290596
587722.5157073819,4141440.2579468684
587722.5108771246,4141440.305377145
587722.5060197951,4141440.3528140527
587722.5011190122,4141440.400282293
587722.4961571153,4141440.447802562
587722.485954319,4141440.5428868933
587722.48085555,4141440.590464494
587722.4757532235,4141440.6380457133
587722.4706582959,4141440.685578809
587722.4601632638,4141440.780575757
587722.4548490449,4141440.828126542
587722.4494873594,4141440.875714904
587722.4386570635,4141440.970994463
587722.4331842831,4141441.018599939
587722.4276395107,4141441.0662153545
587722.4220226008,4141441.1138237305
587722.4163345594,4141441.161437074
587722.4046893929,4141441.2567027435
587722.3987227245,4141441.304315179
587722.3926652086,4141441.3518883437
587722.3865324055,4141441.399435726
587722.3740319471,4141441.494633479
587722.3676687178,4141441.5422338434
587722.3612295603,4141441.5898550455
587722.3481960738,4141441.685087179
587722.3416217782,4141441.732678136
587722.3358645439,4141441.780544831
587722.32926998,4141441.828078288
587722.3226627148,4141441.8755713333
587722.3093879342,4141441.9706739997
587722.3027270096,4141442.018194792
587722.2960371536,4141442.06570972
587722.2893113303,4141442.1132327626
587722.275732782,4141442.2083260515
587722.2688847193,4141442.255815644
587722.2620001636,4141442.3032815806
587722.2480366797,4141442.39825282
587722.2409428527,4141442.445666487
587722.2337577122,4141442.4930856167
587722.2264964196,4141442.540479434
587722.2191717889,4141442.587870596
587722.2043444517,4141442.682687829
587722.1968486572,4141442.730025781
587722.1892944105,4141442.7773716315
587722.1817070795,4141442.824701589
587722.1664123865,4141442.9194379887
587722.1587048344,4141442.9667832665
587722.150935908,4141443.014144502
587722.1351721925,4141443.108949814
587722.1271862963,4141443.156333901
587722.1191488286,4141443.203675012
587722.1110586621,4141443.251024032
587722.1029209853,4141443.298366595
587722.086518659,4141443.3931990643
587722.0787657086,4141443.4399673915
587722.0704910205,4141443.4873334537
587722.0621567672,4141443.5346986707
587722.0454558153,4141443.629602418
587722.037135354,4141443.6770459344
587722.0296074129,4141443.725945583
587722.0215445186,4141443.7738379287
587722.005060053,4141443.8694556905
587721.9968764507,4141443.9173902017
587721.9886463003,4141443.9653171333
587721.9803493851,4141444.0132908095
587721.9632926912,4141444.1089951727
587721.954758786,4141444.1569172386
587721.9461271891,4141444.204843586
587721.9374038022,4141444.25274275
587721.9194122676,4141444.348371579
587721.9103920185,4141444.396254999
587721.901268521,4141444.444151381
587721.8920529354,4141444.4920193846
587721.8730402765,4141444.587612087
587721.8634880633,4141444.635503454
587721.8538476586,4141444.6833980777
587721.8441326283,4141444.7313259006
587721.8242675861,4141444.827038676
587721.8143587825,4141444.8750482993
587721.804400837,4141444.923046436
587721.7944023159,4141444.9710339746
587721.773998749,4141445.0668773637
587721.7640716566,4141445.1147746854
587721.7538449969,4141445.1627327665
587721.7435466354,4141445.2107303953
587721.7225439798,4141445.306427777
587721.7120676527,4141445.354362688
587721.7015320217,4141445.4022869035
587721.6909356229,4141445.4501758288
587721.6692778608,4141445.5457687224
587721.6584672305,4141445.5936440947
587721.647595091,4141445.6415026295
587721.6366590075,4141445.689350798
587721.614355934,4141445.7847688044
587721.6032221017,4141445.832540589
587721.5920198872,4141445.8802749836
587721.5807462067,4141445.9279922238
587721.5577623224,4141446.023170916
587721.5462877145,4141446.070845709
587721.5347540202,4141446.118475
587721.5111971274,4141446.213449113
587721.499411696,4141446.26096315
587721.4875424445,4141446.3084523277
587721.4755810129,4141446.355933883
587721.463550347,4141446.403427618
587721.4391099215,4141446.498135382
587721.4269282025,4141446.545588901
587721.4146809316,4141446.5930515537
587721.4023738531,4141446.640507082
587721.3771997644,4141446.7347731655
587721.3645573785,4141446.7818746297
587721.3518778896,4141446.8289519544
587721.326404681,4141446.923093039
587721.3141640662,4141446.9701178074
587721.3013448259,4141447.0170708126
587721.2884686367,4141447.064046381
587721.2755497803,4141447.110972948
587721.2495236804,4141447.2048886525
587721.2364232887,4141447.2517731218
587721.2232336334,4141447.298647796
587721.2099532211,4141447.3454696685
587721.1830930602,4141447.4391087717
587721.1695188724,4141447.485840233
587721.1558317028,4141447.5325570903
587721.1281659582,4141447.6259227716
587721.1141863388,4141447.672551205
587721.1001311141,4141447.7191263256
587721.0859998531,4141447.7656816225
587721.0718072237,4141447.812195564
587721.0432397851,4141447.9052349203
587721.0288764987,4141447.951686267
587721.0144673117,4141447.998087301
587721.0000001998,4141448.044503689
587720.9708898673,4141448.1372674345
587720.9562477204,4141448.183551005
587720.9415114996,4141448.229844745
587720.9118098036,4141448.3223373233
587720.8968251883,4141448.3685615635
587720.8817627185,4141448.4147296534
587720.8666267802,4141448.46082604
587720.8513899576,4141448.5069330786
587720.8206799751,4141448.599043557
587720.8052106263,4141448.645020558
587720.7896722757,4141448.690962378
587720.7740504675,4141448.7369232625
587720.743131029,4141448.828110502
587720.7272676316,4141448.873875536
587720.7113221387,4141448.919589613
587720.6953049456,4141448.9652510015
587720.6630653237,4141449.056571223
587720.6468629682,4141449.102158535
587720.6306016577,4141449.1477075485
587720.6142656062,4141449.1932525556
587720.581401269,4141449.2843364696
587720.5649064402,4141449.329768658
587720.548344956,4141449.375204222
587720.531743466,4141449.420576054
587720.4984814562,4141449.512408164
587720.481669615,4141449.557953449
587720.4647730945,4141449.6034932774
587720.447806813,4141449.648990657
587720.4136602993,4141449.7398194848
587720.396484418,4141449.785254136
587720.3792352795,4141449.8307089857
587720.361907538,4141449.8761656294
587720.3270743276,4141449.966812341
587720.309541579,4141450.012190939
587720.2919443935,4141450.057521666
587720.2742741562,4141450.1028209487
587720.2387177392,4141450.1931579034
587720.220836489,4141450.238317881
587720.2028577309,4141450.283504279
587720.184827701,4141450.328612993
587720.1488881322,4141450.418711088
587720.1306594711,4141450.4636632935
587720.1123530213,4141450.5085970107
587720.0939766685,4141450.55350371
587720.057035543,4141450.6430369173
587720.0384547333,4141450.6877821805
587720.0198002261,4141450.7324678875
587720.0010539993,4141450.7771124635
587719.9633034054,4141450.866163304
587719.9442879301,4141450.910712205
587719.9251947586,4141450.955223103
587719.9060250879,4141450.9997027386
587719.867525602,4141451.0884395815
587719.8481880273,4141451.1328370445
587719.828800977,4141451.177197585
587719.8093418546,4141451.2215626547
587719.7703235259,4141451.3100495813
587719.7507677892,4141451.3543021386
587719.7311715315,4141451.398547467
587719.711539201,4141451.4427649444
587719.6721478166,4141451.5310011487
587719.65235988,4141451.5751458374
587719.6324638578,4141451.6193204382
587719.6124985581,4141451.663414071
587719.5723311955,4141451.751289648
587719.5520993499,4141451.795245393
587719.5317662576,4141451.8391428133
587719.4908395279,4141451.9266554317
587719.4702364213,4141451.9704503464
587719.4495478325,4141452.0142048146
587719.4287829471,4141452.0579093825
587719.4083188755,4141452.1020007646
587719.3663996749,4141452.188961677
587719.3453136205,4141452.2324417178
587719.3241697268,4141452.2757043107
587719.3029779895,4141452.3189169834
587719.260366745,4141452.405348757
587719.2389647004,4141452.448454631
587719.2174650105,4141452.491567869
587719.174274089,4141452.577696052
587719.152574984,4141452.620675748
587719.1308189377,4141452.6635933174
587719.1089649079,4141452.706513151
587719.0870659772,4141452.7493475764
587719.0430428897,4141452.834997217
587719.0209217921,4141452.8777452786
587718.9987234478,4141452.9204518124
587718.9764307003,4141452.9631297765
587718.9315673213,4141453.048389996
587718.9089977427,4141453.090914084
587718.8863572462,4141453.1333926762
587718.8408091781,4141453.2182937874
587718.8179159409,4141453.2606618004
587718.7949316736,4141453.3030085745
587718.7718712498,4141453.345317628
587718.7487309608,4141453.3875730876
587718.7022227808,4141453.4720221953
587718.6788829393,4141453.5141779585
587718.6559326216,4141453.5566293816
587718.6324892638,4141453.598668328
587718.5853851635,4141453.6826616595
587718.5617301258,4141453.724558582
587718.5380117599,4141453.7664007223
587718.4903504314,4141453.850001639
587718.4664139625,4141453.89170609
587718.4424086998,4141453.9333904986
587718.4183473998,4141453.9750358146
587718.3942206561,4141454.016649789
587718.3457932976,4141454.099776479
587718.3214835809,4141454.1412675283
587718.2971098769,4141454.18271486
587718.2726648677,4141454.224123125
587718.2235293575,4141454.3068764186
587718.1988448813,4141454.348157087
587718.1740954206,4141454.3893681
587718.1243128446,4141454.471736943
587718.0993029063,4141454.5127904154
587718.0741774862,4141454.553808144
587718.0489738621,4141454.594760562
587718.023693747,4141454.6356464596
587717.9728701016,4141454.7173386
587717.947331452,4141454.758125249
587717.9217107532,4141454.7988576414
587717.8960200887,4141454.839528735
587717.8447489168,4141454.9223188767
587717.8189537496,4141454.963370135
587717.7930772074,4141455.004387178
587717.7671380666,4141455.045343656
587717.7149760058,4141455.1267577657
587717.6893260209,4141455.1682867897
587717.6630912274,4141455.2090337602
587717.6367797452,4141455.24973451
587717.5838575254,4141455.3306233534
587717.5573129441,4141455.3711335966
587717.5306840979,4141455.4115893445
587717.5039532023,4141455.451992225
587717.4501438857,4141455.5322879422
587717.4231576413,4141455.572492046
587717.3960682795,4141455.6126589794
587717.3688957539,4141455.652749378
587717.3142005989,4141455.7324383133
587717.2867610346,4141455.7723584375
587717.259244348,4141455.8122131974
587717.231625135,4141455.8520311117
587717.1761338109,4141455.931138033
587717.1483233124,4141455.9707857613
587717.1204597929,4141456.0103752553
587717.0925444692,4141456.049926791
587717.0365457614,4141456.128511045
587717.0085427018,4141456.1678479826
587716.9804995392,4141456.207129175
587716.9524004486,4141456.246374163
587716.896029834,4141456.3243217487
587716.867830367,4141456.363379641
587716.8396263137,4141456.402346436
587716.8114237854,4141456.441193464
587716.7547840419,4141456.518289623
587716.7263964255,4141456.556893194
587716.6979111913,4141456.5954447705
587716.6696866852,4141456.634524048
587716.6123029158,4141456.710772748
587716.5835361155,4141456.748901155
587716.5547102727,4141456.786897205
587716.5258095174,4141456.824785407
587716.4677503286,4141456.8999137273
587716.4386595999,4141456.937488288
587716.4095007054,4141456.9749798425
587716.3802979079,4141457.012371612
587716.3216180519,4141457.0866764854
587716.2921797757,4141457.1239687153
587716.262710655,4141457.1611727453
587716.2331662653,4141457.198347398
587716.1739311602,4141457.2721704207
587716.1443008829,4141457.309156019
587716.1145047594,4141457.345727857
587716.0846395483,4141457.3822322027
587716.0246882949,4141457.4551528064
587715.9946393389,4141457.491468192
587715.9644829723,4141457.5277657937
587715.9040085381,4141457.6002105884
587715.8736482227,4141457.636350723
587715.8432193988,4141457.6724098194
587715.8127127609,4141457.70839864
587715.7821109481,4141457.7443464366
587715.7207586566,4141457.8159955502
587715.6899842167,4141457.851711333
587715.6591536183,4141457.887370868
587715.6282725451,4141457.922969015
587715.5662861494,4141457.9940521466
587715.5351827973,4141458.029504788
587715.5042926894,4141458.0660145087
587715.4418536534,4141458.1365944534
587715.4105880165,4141458.1717746914
587715.3792800396,4141458.206903525
587715.3479192598,4141458.24197352
587715.3165111165,4141458.2769772788
587715.2534980455,4141458.3468865715
587715.2219213943,4141458.3817261676
587715.190275994,4141458.416517475
587715.1585832192,4141458.4512281846
587715.094917247,4141458.520467426
587715.0629524974,4141458.5549429683
587715.0309181118,4141458.5893264874
587714.9666466438,4141458.657906923
587714.9344125467,4141458.692079925
587714.9021070586,4141458.7261898923
587714.8697461092,4141458.760242616
587714.8373133901,4141458.7942539817
587714.7722087188,4141458.8621294624
587714.7395276685,4141458.8959653517
587714.7067718626,4141458.929693019
587714.6739123281,4141458.9633467593
587714.6078952419,4141459.0303699593
587714.5747495687,4141459.063722098
587714.5418410425,4141459.098177241
587714.4752190507,4141459.164611456
587714.4418333084,4141459.197750217
587714.4083738788,4141459.2308760197
587714.3749009847,4141459.2639556155
587714.3413966019,4141459.296992863
587714.2743022917,4141459.362918077
587714.2407191584,4141459.3958004694
587714.2070987115,4141459.42862309
587714.1734388501,4141459.461389784
587714.1055189791,4141459.5272937925
587714.0713125343,4141459.5597656686
587714.0370451432,4141459.5921539017
587714.0026924361,4141459.624472595
587713.9340264664,4141459.688964381
587713.8994284674,4141459.7210620465
587713.8647567437,4141459.7530838936
587713.8299951681,4141459.7850403213
587713.7605712046,4141459.848809695
587713.7256187166,4141459.880575442
587713.6906216836,4141459.912284481
587713.6555655304,4141459.943964086
587713.5856764631,4141460.007293854
587713.5505736765,4141460.038863549
587713.5154241124,4141460.0704243546
587713.445466097,4141460.1348804124
587713.4102271094,4141460.166359101
587713.3749626084,4141460.1977951475
587713.339643134,4141460.2292160243
587713.304321899,4141460.2605484105
587713.2337626978,4141460.3231159705
587713.1982543564,4141460.354240948
587713.1626348748,4141460.3853081064
587713.1269483892,4141460.416259937
587713.055574559,4141460.477914431
587713.0196142856,4141460.508530245
587712.9835797232,4141460.539031369
587712.9474980035,4141460.569401441
587712.8753653087,4141460.629952801
587712.839055341,4141460.6600530767
587712.8027105101,4141460.690057559
587712.766306288,4141460.719996699
587712.6936646558,4141460.7797621135
587712.657147241,4141460.809523195
587712.6206137824,4141460.8392122616
587712.5477287971,4141460.898527569
587712.5110934506,4141460.9280852424
587712.4744089538,4141460.9576005787
587712.4376409822,4141460.9870800786
587712.4008310132,4141461.0164768803
587712.3273109108,4141461.0751621705
587712.2903348795,4141461.104371458
587712.2533131188,4141461.133508812
587712.216233246,4141461.162571186
587712.1423044587,4141461.221748934
587712.1050570968,4141461.250568227
587712.0677676838,4141461.279311639
587712.0304194185,4141461.307996282
587711.9558598176,4141461.365224377
587711.9183551595,4141461.3936883146
587711.8810882438,4141461.422179424
587711.8437771631,4141461.4506297046
587711.7690640275,4141461.5073506203
587711.7316631323,4141461.535615024
587711.6942121196,4141461.5638451236
587711.6567436536,4141461.5920185726
587711.5817142045,4141461.648200846
587711.5441277184,4141461.676208175
587711.5065140009,4141461.704132349
587711.4688549268,4141461.731995396
587711.3934336664,4141461.7874846407
587711.3556831038,4141461.8150860528
587711.317830275,4141461.842643862
587711.2799841685,4141461.870099914
587711.2041667443,4141461.924805905
587711.1661892363,4141461.952050269
587711.1281665561,4141461.979226446
587711.0901086763,4141462.006355125
587711.0139199969,4141462.0604725513
587710.9757944125,4141462.087445037
587710.9376761797,4141462.1152398107
587710.8994693332,4141462.1420960375
587710.8229383205,4141462.1955762054
587710.7846010729,4141462.2222056976
587710.7461995493,4141462.2487799698
587710.7077479758,4141462.2752944254
587710.630754827,4141462.328094642
587710.5921790941,4141462.354408345
587710.5535903485,4141462.3806414222
587710.4762994682,4141462.4329745593
587710.4376204724,4141462.459072624
587710.3988986374,4141462.4851175025
587710.3601114457,4141462.511103702
587710.2824380902,4141462.5628091567
587710.2434977535,4141462.588564525
587710.2045475229,4141462.6142137833
587710.1655546646,4141462.6397903915
587710.1265281424,4141462.6652903613
587710.0483644445,4141462.716099887
587710.0092141058,4141462.7414352414
587709.9700200616,4141462.76672954
587709.8915583399,4141462.8171512024
587709.852279186,4141462.8422882706
587709.812973377,4141462.867361479
587709.7736240197,4141462.8923694566
587709.7342520105,4141462.917304864
587709.6555862776,4141462.9676630334
587709.6160865976,4141462.992396882
587709.5765442525,4141463.017068475
587709.5369579747,4141463.041683148
587709.4574015951,4141463.0910222176
587709.4174602284,4141463.1151946727
587709.377456227,4141463.139321583
587709.3374015276,4141463.1634008437
587709.2573768921,4141463.211585159
587709.2171997337,4141463.235489769
587709.1769839873,4141463.2593386504
587709.1367276454,4141463.2831304134
587709.0562442768,4141463.330776133
587709.0158503128,4141463.3544087675
587708.9754103983,4141463.37798622
587708.9348932555,4141463.4015302234
587708.8539382414,4141463.448657256
587708.813272773,4141463.472051584
587708.7725772298,4141463.495386663
587708.691242171,4141463.5421283953
587708.6504088514,4141463.565328875
587708.6095393907,4141463.5884763016
587708.5686075971,4141463.611583286
587708.5276288623,4141463.6346408683
587708.4457164077,4141463.6808203715
587708.4045935954,4141463.703733962
587708.3634440578,4141463.7265873454
587708.3222520383,4141463.749386544
587708.2400846498,4141463.7957320064
587708.1987145741,4141463.818358055
587708.1573120143,4141463.8409310617
587708.1158489457,4141463.8634698405
587708.0329794309,4141463.908637802
587707.9913737229,4141463.931048944
587707.949746594,4141463.953412441
587707.9080696069,4141463.975739849
587707.8247254551,4141464.0204496197
587707.7828688395,4141464.0425906666
587707.7409572254,4141464.0646653553
587707.6989555972,4141464.086702925
587707.6149927462,4141464.1308351536
587707.572809393,4141464.15272253
587707.5305994422,4141464.1745538698
587707.4883324255,4141464.1963565676
587707.4038347541,4141464.2401010087
587707.3614308822,4141464.261805082
587707.3189636334,4141464.283482155
587707.2765068115,4141464.3051034925
587707.1915436834,4141464.3485254073
587707.1488998765,4141464.370067214
587707.1062281545,4141464.391577825
587707.063481152,4141464.4130577873
587706.9779908025,4141464.456097619
587706.9350841268,4141464.477435214
587706.8922816548,4141464.498934191
587706.8065179624,4141464.5417872737
587706.7635668075,4141464.563123845
587706.7205120018,4141464.584433939
587706.6774270652,4141464.6062340466
587706.6342865167,4141464.6274134745
587706.5478154067,4141464.66967216
587706.5044909054,4141464.6907241647
587706.4611281797,4141464.711723368
587706.4176811938,4141464.7326941807
587706.3306506258,4141464.774540629
587706.2870502822,4141464.795400663
587706.2433708675,4141464.8162404196
587706.1996507954,4141464.8370409226
587706.1120722122,4141464.878566934
587706.0681771613,4141464.8992794384
587706.0242388885,4141464.9199492256
587705.9802340653,4141464.9405849995
587705.8920609961,4141464.9817713737
587705.8478813844,4141465.0022986764
587705.8036504085,4141465.0227830005
587705.7593385807,4141465.0432332885
587705.6705374533,4141465.0840229206
587705.6260533073,4141465.1043308806
587705.5814921553,4141465.12461446
587705.5368773432,4141465.1448440473
587705.4474298403,4141465.185181048
587705.4025943442,4141465.205277273
587705.3577029881,4141465.225329993
587705.312745979,4141465.2453470672
587705.2226130015,4141465.2852986692
587705.1774460219,4141465.305211836
587705.1322127453,4141465.3250923716
587705.0869143435,4141465.34535385
587704.996134891,4141465.3849606286
587704.9506671828,4141465.404702439
587704.9051076296,4141465.424429201
587704.859497473,4141465.4441256705
587704.7680637212,4141465.483498689
587704.7222459405,4141465.503130042
587704.6763695275,4141465.5227356763
587704.5844124587,4141465.5619159653
587704.5383317126,4141465.5814445964
587704.4921869691,4141465.6009403267
587704.4459757641,4141465.620400653
587704.3996536181,4141465.639839481
587704.3068528179,4141465.6786102396
587704.2603269668,4141465.6979166055
587704.2137274854,4141465.717177371
587704.1670587606,4141465.73638566
587704.0734799863,4141465.774703585
587704.0265912262,4141465.7937600883
587703.9796114385,4141465.812772627
587703.9331269235,4141465.831984842
587703.8391027184,4141465.869656121
587703.7920790153,4141465.888365075
587703.7449846085,4141465.9070507726
587703.6978013983,4141465.925724704
587703.603147325,4141465.9631577125
587703.5559742386,4141465.9824112863
587703.5085616215,4141466.000995066
587703.4610967478,4141466.0195584395
587703.3657778748,4141466.056828385
587703.3181149988,4141466.0753382626
587703.2703578394,4141466.0938332453
587703.1745107058,4141466.1309120357
587703.126552299,4141466.1493246052
587703.078524298,4141466.1677015745
587703.0304296539,4141466.1860396303
587702.9822468464,4141466.204340807
587702.8855037743,4141466.2410095427
587702.8370938799,4141466.2592076375
587702.7885976654,4141466.2773715355
587702.7400135623,4141466.2954987492
587702.6424917041,4141466.3317959583
587702.5936880423,4141466.349801672
587702.5447883427,4141466.367781368
587702.4958196573,4141466.3857280132
587702.3975235836,4141466.4217032646
587702.3483233269,4141466.439570051
587702.2990626078,4141466.4574147016
587702.2496897392,4141466.4752602745
587702.1506480011,4141466.511061254
587702.1011148414,4141466.529320713
587702.0514799776,4141466.5471137566
587702.0017817961,4141466.5648979214
587701.9020014573,4141466.6005923576
587701.8520575506,4141466.618326102
587701.8020493751,4141466.6360298297
587701.751978332,4141466.6537020365
587701.6514369623,4141466.6891325936
587701.6011265167,4141466.706712416
587701.5507185371,4141466.7242657016
587701.5002884016,4141466.7417690232
587701.3989411849,4141466.7769047692
587701.3482799797,4141466.7943300107
587701.2974852456,4141466.811744829
587701.2466345036,4141466.829122058
587701.144580444,4141466.863958299
587701.093512202,4141466.8812508225
587701.0423808704,4141466.898514713
587700.9911738104,4141466.915756925
587700.8884107063,4141466.950336233
587700.8367763369,4141466.9679961726
587700.7851211374,4141466.9852467333
587700.7333789332,4141467.002481716
587700.6296873695,4141467.03694822
587700.5777083188,4141467.054120385
587700.5256545051,4141467.071264315
587700.4735100472,4141467.088400429
587700.3690198965,4141467.1226516
587700.316641263,4141467.139724889
587700.2641665107,4141467.156779036
587700.2116422548,4141467.1738066394
587700.106346124,4141467.2078328542
587700.0535638619,4141467.22476818
587700.0006959799,4141467.241665017
587699.9477546356,4141467.258532837
587699.8416112314,4141467.292250337
587699.7884544968,4141467.309032421
587699.7351965328,4141467.325801224
587699.6818593801,4141467.342553003
587699.5750319465,4141467.3760565426
587699.5214963022,4141467.3927724306
587699.4678966544,4141467.409477447
587699.4142141679,4141467.426175459
587699.3066855574,4141467.45959351
587699.2528152294,4141467.4762726985
587699.1988785663,4141467.492940866
587699.1448558217,4141467.509599469
587699.0365765005,4141467.5433456455
587698.9822990199,4141467.5599211254
587698.9279513764,4141467.576462205
587698.8735295185,4141467.5929896794
587698.7644416316,4141467.6259748917
587698.709755029,4141467.6423895936
587698.6549891487,4141467.6587695787
587698.6001393822,4141467.67511947
587698.490205737,4141467.7077958114
587698.4351073384,4141467.7240832485
587698.3799111984,4141467.740358286
587698.3246452912,4141467.756614181
587698.2139078567,4141467.7891255836
587698.1584191765,4141467.8053376093
587698.102840987,4141467.8215429042
587698.0471900951,4141467.8377454313
587697.9356882791,4141467.870156193
587697.8798130134,4141467.8863156787
587697.8238716165,4141467.9024590934
587697.7678381338,4141467.918590871
587697.6555832296,4141467.9508476616
587697.5993351102,4141467.966932773
587697.5427173447,4141467.983115585
587697.4861603577,4141467.9989614068
587697.3728803932,4141468.0311837303
587697.3160914298,4141468.0469813994
587697.259233576,4141468.0627594097
587697.2022923739,4141468.078521069
587697.0883857645,4141468.110172743
587697.0312300524,4141468.125867103
587696.9739836925,4141468.1415351247
587696.9166874881,4141468.1571623595
587696.8019834775,4141468.188536444
587696.744447674,4141468.204080376
587696.6868389116,4141468.2196046025
587696.629152615,4141468.2351105576
587696.5137214905,4141468.2662648032
587696.4558276726,4141468.281713421
587696.3978572744,4141468.297156723
587696.3398773206,4141468.313228524
587696.2237492508,4141468.3442848446
587696.1654843667,4141468.3597041196
587696.1071730908,4141468.3751125573
587696.0487904348,4141468.390515174
587695.9319747767,4141468.4214994516
587695.8733799848,4141468.4368649395
587695.8147186403,4141468.452217377
587695.7559842229,4141468.4675603155
587695.6384695058,4141468.4984332784
587695.5795548498,4141468.513744074
587695.5205694581,4141468.5290706633
587695.461527635,4141468.544391602
587695.343397706,4141468.5752284797
587695.284167887,4141468.590548308
587695.2248628829,4141468.6058751
587695.1655197437,4141468.6211956316
587695.0467447985,4141468.6520007458
587694.9872120047,4141468.6672699433
587694.9275822759,4141468.682531439
587694.8679169586,4141468.6977727655
587694.7486003028,4141468.7287792466
587694.6887108252,4141468.743949946
587694.6287303213,4141468.759110608
587694.5687232298,4141468.774251541
587694.4486594753,4141468.8047295697
587694.3884448102,4141468.8198532914
587694.3281746191,4141468.834976696
587694.2678443938,4141468.85010429
587694.1471859035,4141468.880573691
587694.0866596713,4141468.8957064627
587694.0260798222,4141468.910831271
587693.9048708824,4141468.941283159
587693.8442553754,4141468.9565669373
587693.7835729099,4141468.971844791
587693.7228299961,4141468.9871212454
587693.6620254357,4141469.002387323
587693.5402459421,4141469.032924795
587693.4792672544,4141469.0481656073
587693.4182251658,4141469.0634052595
587693.3572042303,4141469.0789795145
587693.2348339849,4141469.1094408343
587693.1735780947,4141469.1246231617
587693.1122466812,4141469.1397915133
587692.989410478,4141469.1701249173
587692.927886198,4141469.185229137
587692.8662962688,4141469.2003157875
587692.804634077,4141469.2153890976
587692.7429173071,4141469.230447346
587692.6193072001,4141469.260596313
587692.5573956175,4141469.275643833
587692.4954642708,4141469.290680145
587692.4334214708,4141469.3057291596
587692.3092322247,4141469.3358686417
587692.2470599451,4141469.350917088
587692.1848494643,4141469.365968584
587692.1225457354,4141469.3810350313
587691.9978577492,4141469.4112171303
587691.935419055,4141469.4262954677
587691.8729355175,4141469.441378239
587691.8105044531,4141469.4565491425
587691.6852766096,4141469.4867374254
587691.622590099,4141469.501792302
587691.5598365885,4141469.5168514173
587691.4970411677,4141469.5319078066
587691.3712393399,4141469.5621152874
587691.3082606031,4141469.5771651533
587691.2452193699,4141469.5922066476
587691.182117926,4141469.6072344193
587691.0556816951,4141469.637338174
587690.992389444,4141469.6523085483
587690.9290174128,4141469.6672825967
587690.8655903521,4141469.6822360964
587690.7385624656,4141469.7121742237
587690.6749566603,4141469.7270935676
587690.6113027435,4141469.7420038874
587690.5475896775,4141469.7569117765
587690.4200163612,4141469.7867998625
587690.3561456029,4141469.8017167114
587690.292249692,4141469.816636481
587690.2286873846,4141469.8317391383
587690.100668072,4141469.861630014
587690.0366003643,4141469.8765273616
587689.9724704515,4141469.8914357577
587689.9082832808,4141469.90635351
587689.780033934,4141469.9385688677
587689.7157692974,4141469.954080081
587689.6514403952,4141469.9695896995
587689.5870717817,4141469.985097116
587689.4580451493,4141470.015782787
587689.3934770111,4141470.031320078
587689.3288837076,4141470.0468396475
587689.2641841581,4141470.06235854
587689.1345866324,4141470.0929889577
587689.0697204527,4141470.1084816963
587689.0048061182,4141470.1239704066
587688.9398436914,4141470.139457942
587688.8096535755,4141470.1701007998
587688.7445333366,4141470.185622207
587688.6793325165,4141470.201160948
587688.6141129278,4141470.216694037
587688.4834227118,4141470.2474375875
587688.4182148181,4141470.263308364
587688.3527483189,4141470.278878577
587688.2872970739,4141470.294435962
587688.1561109362,4141470.325266604
587688.0904851787,4141470.3408896066
587688.0248129133,4141470.356523523
587687.8932456309,4141470.3874364733
587687.8273923141,4141470.4030723097
587687.7615495094,4141470.418751005
587687.6956423569,4141470.4344541435
587687.5635968385,4141470.4655097392
587687.4975208335,4141470.4812445426
587687.4314157438,4141470.496978243
587687.3652647308,4141470.5127197076
587687.2990509717,4141470.5284694876
587687.1664113539,4141470.5595751456
587687.100011954,4141470.5753264404
587687.0337242854,4141470.5913685984
587686.9006526244,4141470.622410539
587686.8341027217,4141470.63809784
587686.7674679973,4141470.6537842667
587686.7007961145,4141470.6694580796
587686.6340924485,4141470.685119903
587686.5004101433,4141470.7160884757
587686.433544874,4141470.731744233
587686.3666196474,4141470.74740072
587686.2996723952,4141470.763057199
587686.1655460298,4141470.7940691393
587686.0984505898,4141470.809814169
587686.0313386905,4141470.8255690993
587685.8969317182,4141470.8567148014
587685.8296887098,4141470.872493759
587685.7624050778,4141470.8882836066
587685.6950596201,4141470.9036361426
587685.6276179337,4141470.9190087137
587685.492689986,4141470.949801343
587685.4251529136,4141470.965179372
587685.357577852,4141470.980553111
587685.2900540874,4141470.996249475
587685.1546290726,4141471.0269596432
587685.0869006044,4141471.0422429293
587685.0190820468,4141471.0575273205
587684.8833269478,4141471.088158796
587684.8154146796,4141471.1034197235
587684.7474376926,4141471.118683403
587684.6794181617,4141471.133951285
587684.6113768046,4141471.1492179907
587684.4751479902,4141471.179853023
587684.4069939873,4141471.195133036
587684.3387927357,4141471.2104239273
587684.2706053635,4141471.2257351284
587684.1340028852,4141471.256472021
587684.0657135746,4141471.27180319
587683.9973502953,4141471.2871432574
587683.8605439371,4141471.317880375
587683.7920778873,4141471.333219514
587683.7236124675,4141471.348555087
587683.6551139846,4141471.363897206
587683.5865459272,4141471.3792498414
587683.4494665873,4141471.4101482313
587683.3807806933,4141471.4254314764
587683.312110848,4141471.4406957063
587683.2433444775,4141471.4559608493
587683.1058071222,4141471.486556984
587683.0369480788,4141471.501811338
587682.9680676833,4141471.5170671726
587682.8302590075,4141471.547655707
587682.7612858983,4141471.5629175166
587682.6922878023,4141471.5781754535
587682.6232657087,4141471.5934380703
587682.5542357187,4141471.6087098327
587682.4160448869,4141471.6393801556
587682.346893707,4141471.6546961106
587682.2777215915,4141471.6700137914
587682.2085407362,4141471.6853287113
587682.0700427857,4141471.716038198
587682.0007677958,4141471.7313475027
587681.9314626522,4141471.7466575825
587681.8621455919,4141471.761966357
587681.7231407096,4141471.7941338113
587681.6535553683,4141471.809878474
587681.583992397,4141471.8256041184
587681.5143684243,4141471.8413259294
587681.3752049603,4141471.872485527
587681.3055526594,4141471.8881612783
587681.2358683043,4141471.9038212835
587681.1661561948,4141471.9194650054
587681.0267545078,4141471.950517058
587680.956972516,4141471.966203649
587680.887135116,4141471.981905087
587680.8173153689,4141471.9976052465
587680.677723643,4141472.0287787965
587680.6078973551,4141472.044515369
587680.5379926593,4141472.060281894
587680.4680851147,4141472.0760611086
587680.3283791739,4141472.1073700483
587680.2584835237,4141472.1231626263
587680.1885066709,4141472.138975752
587680.1186052897,4141472.155157763
587679.9787368901,4141472.1865160842
587679.9087375266,4141472.202326819
587679.8386944305,4141472.218143446
587679.7686451086,4141472.233948464
587679.6286649881,4141472.265268276
587679.5585415195,4141472.2810509545
587679.4884625719,4141472.296812343
587679.4183308859,4141472.3125736653
587679.2781634525,4141472.343826715
587679.2080245924,4141472.3595707314
587679.1378215312,4141472.3753732494
587679.0676351717,4141472.391174763
587678.9273608507,4141472.422509006
587678.857146461,4141472.438338753
587678.7869099921,4141472.4541789955
587678.7166636983,4141472.470022022
587678.5762488219,4141472.5014158078
587678.5059615951,4141472.517254236
587678.4356669422,4141472.5330883516
587678.3653926058,4141472.549376372
587678.2248334158,4141472.580691233
587678.1544604849,4141472.5964708137
587678.0841002724,4141472.612237146
587677.9434171396,4141472.64352081
587677.873009358,4141472.6592919584
587677.8025863772,4141472.6750535937
587677.7321416191,4141472.6907956908
587677.661698645,4141472.7065144028
587677.520871923,4141472.737665488
587677.4503631771,4141472.753363357
587677.379977106,4141472.7687320267
587677.239109096,4141472.799508468
587677.1686732322,4141472.8148563225
587677.0981903567,4141472.8302158834
587677.0277321624,4141472.845574581
587676.9572488037,4141472.860941392
587676.8161994591,4141472.8917368767
587676.745649379,4141472.9071057094
587676.6750861587,4141472.922470533
587676.6046262452,4141472.9381380724
587676.4633708172,4141472.9688726743
587676.3926867027,4141472.984212026
587676.322033206,4141472.9995448585
587676.1807192821,4141473.0303174607
587676.1100207831,4141473.045681714
587676.0393029628,4141473.061065284
587675.9686022584,4141473.0764564537
587675.8978389628,4141473.0918604857
587675.7563091526,4141473.1227336754
587675.6854984513,4141473.138136601
587675.6146718592,4141473.153530067
587675.5438206235,4141473.1689202324
587675.4021253895,4141473.199731943
587675.3312483239,4141473.2150853924
587675.2603378542,4141473.2304272573
587675.1184896625,4141473.261138901
587675.0475258966,4141473.2764451206
587674.9765240683,4141473.2917501624
587674.9055210436,4141473.3070544316
587674.8346237942,4141473.3225617358
587674.6924968202,4141473.35319486
587674.6214139246,4141473.3684448735
587674.5503316863,4141473.3836872377
587674.479218343,4141473.398932575
587674.3369969223,4141473.429545841
587674.2658343997,4141473.4448090666
587674.1946712108,4141473.460079378
587674.0523292252,4141473.490760213
587673.9811422485,4141473.506049997
587673.9099524734,4141473.5213729567
587673.8387036576,4141473.5367007013
587673.7674969488,4141473.552004584
587673.6250013248,4141473.58266504
587673.5537485387,4141473.5979260434
587673.4824787006,4141473.6131727947
587673.4111871704,4141473.6284073107
587673.2685852366,4141473.6589478324
587673.1972936201,4141473.674171146
587673.1259889146,4141473.6894023023
587673.0546763024,4141473.704643151
587672.9117164636,4141473.7366378494
587672.8401687987,4141473.752362926
587672.7686231773,4141473.7680960647
587672.6970945859,4141473.78382634
587672.5541987693,4141473.815042648
587672.4826644658,4141473.830778062
587672.411143056,4141473.846514838
587672.3396047382,4141473.862260523
587672.196729628,4141473.8935027993
587672.1252007682,4141473.909287117
587672.0536704557,4141473.9250693554
587671.9821401698,4141473.940847158
587671.8392813732,4141473.972073769
587671.7677631133,4141473.98781043
587671.6962609176,4141474.003535829
587671.6247580741,4141474.0192543217
587671.4818456927,4141474.050371796
587671.4103450415,4141474.0660371
587671.3388354053,4141474.081697947
587671.2672941391,4141474.097370376
587671.1244472741,4141474.128802105
587671.0529644282,4141474.1444622385
587670.9814819398,4141474.1601306037
587670.9100178456,4141474.1758021405
587670.7672566244,4141474.206904547
587670.6957600364,4141474.222603714
587670.624262863,4141474.2383003226
587670.5527799432,4141474.2539897584
587670.410034395,4141474.2850877503
587670.3385740365,4141474.300821675
587670.2671015856,4141474.3165660906
587670.1956397359,4141474.3323136237
587670.0529271207,4141474.363470696
587669.9814734724,4141474.379197079
587669.9100012585,4141474.39492145
587669.8385169806,4141474.4106435473
587669.6957488096,4141474.4417221798
